-0.004090029,0.05703422,-0.01358025,0.004819277,-0.07228916,-0.01916933,-0.006224067,0.0,-0.06773619,0.06666667,0.009900991,0.005952381,0.04724409,-0.02684564,-0.01666667,-0.005847953,0.02197802,-0.006550217,-0.007142857,-0.01515151,-0.03141361,-0.04109589,-0.01212121,0.0,0.01020408,0.009372747,0.0247766,-0.01083902,0.006905481,-0.03649635,-0.04268293,0.03252033
0.03306036,0.008992806,0.02878598,0.05035971,0.05194805,0.06514658,0.02713988,0.01081081,-0.0458891,0.04261364,0.03921568,0.0,0.03759398,0.04137931,0.06779661,0.06470588,0.07526882,0.02197802,0.03597122,0.04307692,0.0,0.04761905,-0.01226994,0.05882353,0.01010101,0.06214286,0.06698375,0.02191558,0.04286327,-0.01515152,0.05095541,0.03149606
-0.01092051,-0.0802139,0.07907543,-0.01826484,0.0,-0.05198777,0.01422764,0.0,-0.01002004,-0.03269755,0.1037736,0.0,0.0,-0.02649007,-0.05555556,-0.08839779,0.16,-0.01075269,-0.03472222,0.0,0.005405405,0.05454545,-0.02484472,-0.01388889,0.07,0.008742434,0.0230312,-0.01787133,0.06165228,0.6538462,-0.03030303,-0.02290076
-0.001640812,0.009689922,0.03494927,-0.01860465,-0.0308642,0.0,0.04008016,0.01069519,0.01214575,0.0,-0.05128205,0.00591716,-0.02173913,0.01360544,-0.008403361,-0.02424242,0.0,-0.004347826,0.02517986,-0.02064897,0.0,-0.04310345,0.03821656,0.07042254,-0.01869159,-0.03333333,0.0221496,0.0,-0.007742935,-0.0372093,0.00625,0.0
-0.01814849,-0.02879079,-0.04139434,0.007109005,-0.04458599,-0.009677418,-0.005780346,-0.01587302,-0.02,0.01408451,-0.03603604,-0.01176471,-0.007407407,-0.006711409,-0.008474576,-0.04347826,0.07758621,-0.006550217,0.003508772,-0.02108434,0.02150538,-0.05405405,-0.02453988,-0.02631579,-0.03809524,-0.0262069,0.005683837,-0.01860089,0.007803355,0.1111111,0.01242236,-0.015625
0.000896943,0.009881422,0.007954546,0.01647059,0.01333333,-0.0228013,-0.01162791,-0.04301075,-0.03061224,-0.02777778,-0.009345795,0.0,-0.007462687,-0.006756757,0.0,0.01948052,-0.012,0.02197802,0.006993007,-0.01538462,-0.02105263,0.004761905,0.0,-0.02027027,0.01980198,-0.03541076,0.005298481,0.003708282,0.01626016,0.00869565,-0.006134969,-0.03968254
0.03283406,-0.037182,0.0789177,0.0462963,0.01973684,0.0,-0.03137255,0.04494382,0.02736842,0.02857143,-0.01886793,0.01785714,0.03007519,0.02040816,-0.008547009,0.05732484,0.1740891,0.0688172,0.02083333,0.0875,0.0,-0.01421801,0.01886792,0.07586207,0.01941748,0.01835536,0.1419536,0.04474548,0.03961905,0.0862069,0.03703704,0.04132231
0.04869075,0.05894309,0.1170324,0.07964602,0.05806452,0.05666667,0.09109312,0.05376344,0.05532787,0.0,-0.00961538,0.09356725,0.02919708,0.1066667,0.02586207,-0.01204819,-0.05172414,-0.01006036,0.06292517,0.1436782,0.05376344,0.07211538,0.0617284,0.07692308,0.06666667,0.0814708,0.005846154,0.03575639,0.04580432,0.0,0.04166667,0.02380952
0.02889964,0.00959693,-0.01122544,0.08606557,0.06097561,0.01577287,0.0148423,0.05102041,0.0,0.04722222,0.2427184,-0.005347594,0.05673759,0.05421687,0.0,0.01219512,0.02545454,0.05487805,0.024,0.01758794,0.03061224,0.04932735,-0.01744186,-0.02976191,0.04464286,0.02466667,0.01774243,0.07776935,-0.0217239,-0.007936506,0.06857143,0.04651163
0.02260672,0.1711027,0.007568591,-0.01886792,0.04597701,0.07142857,0.007312615,0.09708738,0.05825243,0.007957559,-0.03125,0.06451613,-0.006711409,0.01714286,0.06722689,0.04819277,0.0212766,-0.02697495,0.0625,0.145679,0.05940594,0.02136752,0.0,-0.006134969,-0.02564103,0.05725439,0.0,-0.03203098,0.0,0.04,-0.01604278,0.007407408
0.0171731,0.0,0.003755868,0.06730769,-0.03296703,0.03478261,-0.03085299,0.08849558,-0.009174312,0.04473684,0.01612903,0.005050505,0.06081081,0.005617978,0.0,0.01724138,0.06597222,0.08514851,-0.02205882,0.01939655,0.0,0.0,0.06508876,0.0,0.00877193,0.07692308,0.0,0.01636364,0.01468481,-0.03846154,0.01630435,0.1029412
0.02720308,0.0,0.06080449,-0.00900901,0.005681818,0.07002801,0.05430712,0.09756098,0.1018519,0.01259446,0.03174603,0.01507538,0.08280255,0.03351955,0.07874016,0.0,0.06514658,0.06934307,0.04511278,0.1057082,0.04672897,0.0041841,0.02777778,-0.01234568,0.0173913,0.04971429,0.02885482,0.03255814,0.01482527,-0.032,0.01604278,0.1
0.03762492,0.04058442,0.09700176,0.01818182,0.1242938,0.09947644,-0.02131439,0.02222222,0.06722689,-0.01243781,0.1692308,-0.03465347,0.05882353,-0.01081081,-0.05839416,0.07909605,-0.01529052,-0.01706485,0.05035971,0.04206501,0.1160714,0.1125,-0.005405405,0.04375,0.1025641,0.07512248,0.02249489,0.05509356,0.0,0.01239669,0.01052632,0.03030303
-0.007294228,0.06084243,0.008038585,-0.02678571,-0.02512563,-0.01666667,0.0,0.007246377,-0.03149606,0.02518892,0.006578944,-0.06153846,0.0,0.005464481,-0.007751938,0.0104712,0.02484472,-0.02430556,-0.04109589,-0.01651376,-0.008,-0.007490637,0.05434783,0.01796407,0.0,-0.03797468,0.005428571,-0.007224959,0.02191304,0.008163266,0.02604167,-0.02352941
-0.03590742,-0.05147059,-0.01515152,0.0,-0.05154639,-0.01452784,-0.03811252,-0.05035971,-0.01626016,-0.06142506,-0.08496732,-0.03278689,-0.02777778,-0.04347826,-0.0703125,-0.08290155,-0.02424242,-0.02491103,-0.05,-0.07649254,-0.05645161,-0.04150943,-0.02061856,0.08235294,-0.007751938,-0.05947368,-0.02728048,-0.03771088,-0.02144316,-0.06072875,-0.03553299,-0.01204819
-0.00540808,-0.00620155,0.01538462,-0.03669725,-0.0326087,0.007371006,0.0,-0.01515152,-0.02479339,0.007853404,-0.04285715,-0.03954802,-0.02285714,-0.005681818,-0.008403361,0.02824859,0.01552795,0.0419708,0.03759398,-0.01818182,-0.04273504,-0.01968504,-0.03684211,-0.02173913,-0.015625,0.04196978,0.02804557,0.03128223,-0.02156522,0.1939655,0.005263158,-0.006097561
0.05624093,0.01404056,0.09250399,0.06666667,0.03932584,0.03658537,0.03207547,0.1076923,0.05084746,0.07792208,0.05223881,0.04705882,0.04093567,0.08571429,0.05084746,0.05494505,0.07033639,-0.02451839,0.06521739,0.1316872,0.08928571,0.07228916,0.06010929,0.01111111,0.05555556,0.07411386,0.09292413,0.07566667,0.02204053,0.03971119,0.03141361,0.07361963
-0.008383636,-0.03692308,0.07007299,-0.008928571,-0.03243243,-0.02352941,-0.01462523,-0.02777778,-0.03225806,0.03614458,-0.0212766,-0.01123596,-0.02808989,-0.005263158,-0.0483871,0.04166667,0.08571429,0.008976661,0.0,-0.04181818,-0.03278689,-0.03370786,0.01030928,0.005494506,0.007518797,-0.0815,0.049922,-0.04214441,0.0,0.1458333,-0.03045685,-0.03428571
-0.01327812,-0.01597444,-0.01296044,-0.02702703,-0.02793296,-0.01204819,-0.009276437,0.0,0.01666667,-0.04651163,-0.02173913,0.02840909,0.0,-0.05820106,0.008474576,-0.02,0.0,-0.01779359,-0.03401361,-0.0170778,-0.02542373,-0.02713178,-0.02040816,0.07103825,-0.007462687,0.007076756,-0.04754829,-0.01488192,-0.02156522,0.03030303,-0.0104712,-0.005917159
0.02452619,0.008116884,0.02626123,0.01851852,0.005747126,-0.01219512,0.03183521,-0.01428571,-0.01639344,0.03658537,0.04444445,0.0,0.0,-0.005617978,0.05042017,0.09183673,-0.04473684,0.0,0.02112676,0.07142857,0.0,0.01593625,0.015625,0.02040816,0.03007519,0.02702703,0.049922,0.0,0.01457519,0.005882353,0.005291005,-0.01785714
-0.0579792,-0.06441224,-0.08417508,-0.04545454,-0.08571429,-0.0617284,-0.04537205,-0.02898551,-0.05833333,-0.02352941,-0.07801418,-0.05524862,-0.05202312,-0.03954802,-0.048,-0.02803738,-0.1046832,-0.1123188,-0.1103448,-0.08288288,-0.08695652,-0.04705882,-0.06153846,-0.06,-0.0729927,-0.06578947,-0.009410599,-0.1044335,-0.07288017,-0.1169591,-0.05789474,-0.07272727
0.01877265,-0.02581756,0.01397059,0.0,0.01875,-0.007894736,0.05513308,-0.03731343,0.03539823,-0.01204819,-0.03076923,0.01754386,0.0,0.005882353,0.03361345,0.03846154,0.06153846,0.03061225,0.04651163,0.03536346,-0.00952381,0.008230453,0.0,0.04787234,0.04724409,0.0,0.02875,0.03337,0.007936508,0.04966888,-0.04469274,0.01960784
-0.005135068,0.0,-0.02102973,0.01904762,-0.02453988,0.0,-0.02162162,-0.03100775,0.02564103,0.02439024,-0.01587302,0.01724138,-0.04268293,-0.04678363,-0.02439024,-0.01851852,-0.01449275,-0.02970297,0.04444444,-0.007590132,0.0,-0.03265306,-0.01092896,-0.06598985,-0.007518797,0.05633803,0.03742406,0.0,0.01537308,0.04731861,-0.01754386,0.03846154
-0.004843675,0.02650177,0.01481481,0.0,-0.006289308,0.007957559,-0.02394107,0.008,-0.025,0.01666667,0.03225807,0.02824859,-0.01273885,0.0,-0.025,0.009433962,-0.02352941,0.05918367,-0.0141844,-0.02676864,0.0,0.0,-0.02762431,0.005434783,-0.02272727,0.0064,-0.02693839,-0.01596877,0.0,0.08433735,0.01785714,-0.01851852
-0.0537905,-0.07745267,-0.04233577,-0.08785047,-0.03164557,-0.06052631,-0.007547169,-0.07936508,-0.03418803,-0.04683841,-0.078125,-0.04395604,-0.04516129,-0.09815951,-0.07692308,-0.05607477,-0.06626506,-0.04624277,-0.08633094,-0.03536346,-0.04326923,-0.08016878,-0.04545455,-0.02162162,-0.03100775,-0.1054584,-0.04622051,-0.03281644,-0.02289513,-0.008333332,-0.05263158,-0.04402516
0.0216376,0.01865672,-0.007621951,0.04508197,0.01960784,-0.0140056,0.007604562,0.00862069,0.008849557,-0.01719902,0.08474576,0.005747126,0.0,0.06122449,-0.02777778,0.07920792,0.0,0.03838384,0.05511811,0.00814664,-0.01507538,0.01376147,0.01190476,-0.005524862,0.0,0.07405213,-0.009843513,0.003355705,0.007936508,-0.0280112,0.01234568,0.0
0.01401947,0.00915751,0.02995392,0.0,0.006410256,-0.005681819,0.03207547,0.08547009,0.0,-0.0125,-0.015625,-0.005714285,0.02027027,0.03205128,0.04761905,0.01834862,0.02258065,-0.01750973,0.04477612,-0.008080809,0.02040816,0.01357466,-0.005882353,0.01666667,-0.008,0.006618864,0.01962784,0.04719435,-0.01574803,-0.01440922,-0.006097561,-0.006578948
-0.02982386,-0.01814882,-0.02162565,0.0,-0.03821656,-0.02857143,-0.03107861,-0.02362205,0.00877193,-0.01265823,-0.04761905,-0.02298851,0.0,-0.0621118,-0.03636364,-0.03603604,-0.04731861,-0.04752475,-0.03571429,-0.01832994,-0.015,-0.01785714,-0.03550296,-0.005464481,-0.008064516,-0.07506849,-0.02875,-0.03867991,-0.02361905,0.00877193,-0.03680982,0.0
0.02745567,0.1201479,0.006859756,0.01960784,0.0397351,0.01470588,0.0245283,0.08064516,0.05217391,0.03076923,0.025,0.01176471,0.0794702,0.09933775,0.02830189,0.01869159,-0.0397351,0.07900208,0.07407407,0.008298756,0.01015228,-0.004545455,0.0,-0.05494505,0.008130081,0.03672986,0.00978121,0.02362495,0.0241904,-0.03768116,0.01273885,0.02649007
-0.0005554265,0.01650165,0.007570023,-0.04423077,-0.01910828,0.0,-0.007366483,0.0,0.03305785,0.03233831,-0.008130077,-0.02325581,-0.01226994,0.01204819,0.0,0.01834862,0.00689655,0.02697495,0.0,0.02880658,0.03517588,-0.03196347,0.006134969,0.0755814,0.03225806,0.04971429,-0.009686464,0.0,0.016,-0.03614458,-0.006289308,0.02580645
-0.01595453,-0.04058442,-0.007513148,-0.004024144,-0.03246753,-0.05217391,-0.02411874,0.007462687,0.008,0.01204819,-0.02459017,-0.01785714,-0.00621118,0.0,-0.02752294,0.0,-0.1609589,-0.007504691,0.006896552,-0.046,0.009708738,-0.02358491,-0.06097561,0.01081081,-0.0234375,-0.05443658,-0.01003861,0.02452218,0.0,-0.03125,0.0,-0.06289308
0.0002269706,0.008460236,0.02195307,-0.01414141,0.0,0.04587156,-0.01520913,-0.007407407,0.06349206,-0.04761905,-0.008403362,-0.02424242,0.00625,-0.005952381,0.0,-0.01801802,0.1510204,-0.009451795,-0.02054795,0.03773585,0.04807692,-0.004830918,0.01298701,0.0,-0.008,0.0218768,-0.0150806,0.03203098,0.04686914,0.0483871,-0.006329114,0.03355705
0.06943722,0.06711409,0.05037037,0.01434426,0.04026846,0.1023392,0.1254826,0.05970149,0.05223881,0.0375,0.008474577,0.09937888,0.08695652,0.08383234,0.02830189,0.06422018,0.04609929,0.03625954,0.06293706,0.02828283,0.04587156,0.05825243,0.08333333,0.02673797,0.08064516,0.05633803,0.07629356,0.04638472,0.07449857,0.04,0.0955414,0.06493506
0.04631491,0.007861636,0.02045134,0.07070707,0.1354839,0.0397878,0.04802744,0.04225352,0.04964539,0.0,0.1260504,0.03389831,0.005714286,0.01104972,0.05504587,0.06896552,0.04067797,0.06998158,-0.03289474,0.06286837,0.06140351,0.1009174,0.0295858,0.03125,0.01492537,0.0464,0.02820702,0.05932203,0.0,0.05621302,0.05813953,0.0304878
-0.01147298,-0.03900156,-0.04008293,-0.04716981,-0.05681818,0.0,0.03273322,0.04054054,-0.006756757,-0.004819277,-0.07462687,-0.01092896,0.0,0.005464481,-0.03478261,0.008064516,-0.1042345,0.01549053,0.02040816,-0.025878,-0.008264463,-0.04166667,-0.005747126,0.005050505,-0.02205882,-0.03160041,-0.01836832,-0.04184615,0.014,0.0,0.0,0.00591716
0.02008177,0.04058442,0.007199424,-0.02574257,-0.03012048,0.0127551,0.0570523,-0.01948052,-0.01360544,0.0,0.03225807,0.06077348,0.01704545,0.04347826,0.009009009,0.048,0.07272727,0.03389831,-0.01333333,0.0170778,-0.025,-0.008695652,0.02890173,0.02512563,0.04511278,0.00631579,0.04690158,0.01445087,-0.03418803,0.09803921,0.01648352,0.01764706
0.008163091,0.06864275,0.0,0.006097561,0.04347826,-0.01259446,-0.005997001,0.006622517,0.0137931,0.004842615,0.0,0.02083333,0.01675978,0.015625,-0.008928571,0.0,-0.0440678,0.0147541,-0.02027027,-0.02425373,-0.008547009,0.004385965,-0.01685393,0.1764706,0.007194245,0.03922594,0.03574745,-0.0215258,0.02110279,-0.04336735,-0.005405405,0.01156069
-0.07671019,-0.1007299,-0.08291637,-0.09090909,-0.06547619,-0.06377551,-0.07843137,-0.05921053,-0.1088435,0.004819277,-0.0859375,-0.04081633,-0.06043956,-0.1025641,-0.08108108,-0.06870229,-0.06737589,-0.1082391,-0.09655172,-0.1128107,-0.112069,-0.09170306,-0.07428571,-0.09166667,-0.07857143,-0.1383996,-0.07776782,-0.08832093,-0.09033333,-0.088,-0.08695652,-0.06857143
0.01845639,0.03246753,0.06001559,0.04444444,0.03184713,0.04087193,0.03273322,-0.006993007,0.04580153,-0.02398082,0.04273505,0.03723404,0.005847953,0.04571429,-0.009803922,-0.01639344,0.0,0.03442029,-0.01526718,0.01939655,0.009708738,0.01923077,0.04320988,0.05504587,0.0620155,0.05899533,0.02818955,0.008161817,0.03078051,0.02339181,0.005952381,0.00613497
-0.1200283,-0.172956,-0.1544118,-0.1276596,-0.117284,-0.1623037,-0.1014263,-0.1267606,-0.08759124,-0.01719902,-0.1393443,-0.1076923,-0.1569767,-0.1092896,-0.1237624,-0.08333333,-0.2015209,-0.06654991,-0.1348837,-0.2219873,-0.1586538,-0.1226415,-0.1242604,-0.06956522,-0.08759124,-0.1246553,-0.1363744,-0.1136924,-0.1038038,-0.1371429,-0.1656805,-0.195122
-0.002832141,-0.05513308,0.01478261,-0.01219512,-0.006993007,0.046875,0.02116402,0.0,-0.072,-0.05,0.0,0.03448276,0.02068965,-0.06134969,0.05084746,0.0,-0.01428572,-0.05253283,0.007168459,-0.02445652,-0.03428571,-0.03225806,0.02702703,0.04672897,-0.016,-0.04725898,0.005199781,-0.05758539,0.0,-0.04635761,-0.04255319,-0.01515152
-0.01152064,0.00804829,0.05826907,0.01234568,-0.01408451,-0.01492537,0.02072539,-0.04032258,-0.008620689,0.0131579,0.00952381,0.0,0.0,-0.006535948,-0.02688172,-0.05454545,0.04830918,0.02772277,-0.03202847,0.06406685,0.01775148,-0.01666667,-0.006578947,-0.01785714,0.0,0.0,0.03130956,0.011378,0.01666006,0.006944445,-0.02222222,-0.007692308
0.0480197,0.06986028,0.03076923,0.05365854,0.08571429,0.006060606,0.04060914,0.06722689,0.05217391,0.03896104,0.009433963,0.04444444,0.03378378,0.05921053,0.02209945,0.03846154,0.05990783,0.0,0.06985294,0.04188482,0.04651163,0.05649718,0.03311258,0.03636364,0.09756098,0.01653439,0.05596621,0.04916667,0.04877097,0.04137931,0.06060606,0.05426357
0.01293272,0.01865672,0.03063629,0.0,-0.006578947,0.02409639,0.02601626,-0.02362205,0.02479339,-0.03,0.01869159,0.02659575,0.0,0.01863354,0.02162162,0.02777778,0.02173913,0.009633912,0.006872852,0.0678392,0.02777778,0.005347594,0.0,0.03508772,0.01481481,-0.007807417,0.01925,0.007148531,0.02306548,0.009933775,0.03571429,-0.01470588
0.003114801,0.03663004,0.02896341,0.01851852,0.0,-0.005882352,0.006339144,-0.008064516,0.01612903,0.03092783,0.05504587,-0.01036269,0.02614379,0.02439024,-0.02116402,0.009009009,-0.03404255,0.0,0.003412969,-0.01176471,-0.04324324,-0.005319149,-0.01923077,-0.008474576,-0.02189781,0.01639344,0.009320579,-0.007097792,0.0,0.0557377,-0.006896552,0.007462686
0.06189281,0.06183746,0.02148148,0.06818182,0.09271523,0.03550296,-0.01259843,0.07317073,0.1031746,0.005,0.03478261,0.06806283,0.08280255,0.04166667,0.01621622,0.07142857,0.02202643,0.01717557,0.07142857,0.05952381,0.06779661,0.03208556,0.03921569,0.1538462,0.07462687,0.08064516,0.06561361,0.03613979,0.03781818,0.02484472,0.06944444,0.08888889
0.007253312,0.03327787,-0.02102973,0.004255319,0.01818182,0.03714286,0.03827751,0.04545455,-0.02877698,0.0199005,0.05042017,0.009803922,0.03529412,-0.02285714,-0.005319149,0.0,0.01293104,-0.01688555,-0.01587302,0.03146067,0.0,0.06735751,0.05031447,-0.0962963,-0.02083333,0.0,0.01755986,0.01379839,0.0,0.01515152,0.02597403,0.02721088
-0.02755821,-0.0805153,0.02148148,-0.0529661,-0.0297619,-0.06336088,-0.04301075,-0.05797101,-0.05185185,-0.01951219,-0.048,-0.02912621,-0.02840909,-0.04093567,-0.005347594,0.0,-0.06382979,-0.03625954,-0.01612903,-0.06971677,-0.01058201,-0.05825243,-0.04790419,0.04098361,-0.0212766,-0.05253731,-0.01725684,-0.05141777,0.01471619,-0.05970149,-0.01898734,-0.07284768
-0.0007285182,0.0262697,0.007251632,-0.01565996,-0.01840491,0.03529412,-0.02568218,0.03076923,0.0,0.01243781,0.0420168,-0.025,0.0,0.01219512,0.0,0.01666667,0.0,-0.01980198,0.0,-0.009367682,0.0,0.04123711,-0.01886792,-0.007874016,0.0,-0.02331443,0.0,-0.01076126,-0.02175414,-0.006349207,0.01935484,0.01428571
0.01930328,0.0,0.03311735,0.02272727,0.01875,0.01420455,0.05271829,0.04477612,0.046875,0.01474201,0.01612903,0.01025641,0.02339181,0.01204819,0.01075269,0.008196721,0.1363636,0.06868687,0.008196721,0.03782506,0.03743315,0.01485148,0.03846154,0.07142857,0.02173913,0.008387097,0.01755986,0.05842063,0.02223791,0.01277955,0.02531646,0.04225352
0.05324889,0.01706485,-0.007665505,0.08444444,0.06748466,0.06442577,0.01877934,0.06428571,0.05970149,0.009685231,0.02380953,0.03553299,0.02857143,0.08928571,0.07446809,0.04065041,0.108,-0.01890359,0.07317073,0.06605923,0.1030928,0.06341463,0.03703704,0.05185185,0.05673759,0.08765195,0.0257732,0.09021698,0.0,0.03154574,0.08024691,0.0472973
0.02948093,0.05872483,0.03230337,0.03483607,0.01724138,0.07105263,0.06144393,0.03355705,0.1056338,-0.04796163,0.06976744,-0.009803922,0.01666667,0.06010929,-0.00990099,0.015625,0.01083033,0.09248555,0.02272727,0.0491453,0.05607477,0.02752294,0.03571429,0.04929577,0.06040268,0.01470588,0.05877212,0.04748603,0.06457182,0.0,0.04571429,0.0516129
0.02374374,0.022187,0.04693878,0.00990099,0.01694915,-0.01228501,-0.01157742,0.0,-0.05095541,0.07052897,0.2028986,-0.01980198,-0.01639344,0.02061856,0.0,0.04615385,0.0,-0.02645503,0.02962963,0.00814664,0.01769912,0.04017857,0.01724138,0.01342282,0.0443038,0.03594203,0.06355757,0.02266667,0.0,0.1100917,0.01092896,0.03067485
-0.0511179,-0.0372093,-0.04483431,-0.08823529,-0.09444444,-0.02985075,-0.03513909,-0.06493506,-0.06711409,-0.03529412,-0.04819277,-0.02525252,-0.06111111,-0.05555556,-0.04,-0.02941176,-0.06071429,-0.03442029,-0.09352518,-0.07272727,-0.06956522,-0.05150215,-0.06214689,-0.02649007,-0.03636364,-0.0766648,-0.01493985,-0.08898305,-0.04703211,0.005509642,-0.03243243,-0.06547619
-0.01329898,0.0,-0.02380952,0.02580645,-0.006134969,-0.05128205,-0.01820941,-0.05555556,0.03597122,-0.03170732,-0.006329114,0.0,0.0295858,-0.01069519,-0.05729167,-0.007575758,-0.0608365,0.06378987,0.0,-0.06318083,-0.04672897,-0.009049774,-0.03012048,0.1156463,0.03144654,-0.06060606,-0.02265117,-0.007871199,0.0,-0.0630137,-0.05027933,-0.06369427
0.04154006,0.06280193,0.02439024,0.02725367,0.04938272,0.02702703,0.02472952,0.06617647,0.03472222,0.0,0.1273885,0.03108808,0.02873563,0.04324324,0.03314917,0.03053435,0.06477733,-0.01763668,0.03968254,0.02093023,0.05882353,0.03196347,0.0310559,-0.0304878,0.03658537,0.08064516,0.06972995,0.0818608,0.04220558,-0.01169591,0.07647059,0.02040816
0.009964912,0.01515152,0.0,0.0,0.01176471,-0.03421053,0.0,0.0,-0.006711409,0.04030227,0.02259887,0.005025125,0.02793296,-0.02072539,0.01069519,0.02222222,0.07224335,0.0,0.03816794,-0.006833712,-0.03703704,0.0,0.01204819,0.01886792,0.02941176,-0.02268657,0.0550113,-0.015,-0.0202482,0.08579882,0.005464481,0.03333333
-0.01854495,-0.04328358,-0.008163265,-0.06122449,-0.02325581,0.04904632,0.02413273,-0.05517241,-0.02027027,-0.03874092,0.01657458,-0.02,-0.02173913,-0.02116402,-0.01058201,-0.007246377,0.03546099,0.008976661,0.01470588,-0.01376147,-0.01923077,-0.02212389,0.005952381,-0.00617284,-0.02285714,-0.01527184,-0.02678571,-0.01556684,-0.02066667,-0.04632153,-0.01630435,-0.04516129
0.06546319,0.04524181,0.07956104,0.06956522,0.04761905,0.02597403,0.04712813,0.06569343,0.06206897,0.007556674,0.08152174,0.04081633,0.08888889,0.07567568,0.01604278,0.06569343,0.08561644,0.0,0.06521739,0.08837209,0.08823529,0.0361991,0.04142012,0.04968944,0.1111111,0.05459057,0.0733945,0.1017532,0.02825051,0.02857143,0.04972376,0.1013514
0.008031775,0.0,0.01461245,0.01626016,0.05113636,-0.01772152,-0.01687764,0.006849315,-0.03896104,0.025,-0.04522613,-0.0245098,0.03571429,0.03015075,0.01052632,0.0,-0.02208202,0.04270463,0.01360544,0.0,0.0,0.069869,0.005681818,0.01775148,0.005263158,-0.01470588,0.0,0.0,0.01357167,0.02777778,0.01052632,0.03680982
0.01178651,0.05223881,0.0363181,0.03,0.07567568,0.0,0.0,-0.01360544,0.05405405,-0.01951219,0.05263158,0.03517588,-0.03940887,-0.009756097,0.1041667,-0.02054795,0.01612903,0.06484642,0.02684564,0.07905983,0.06306306,0.06530612,0.0,0.005813953,-0.01570681,0.05970149,-0.02564103,0.02808112,-0.006531679,0.0,0.015625,0.00591716
-0.004709751,0.04964539,-0.006646526,-0.03495146,0.02512563,0.0,-0.02002861,0.04137931,-0.03846154,-0.004975125,0.085,0.0,0.0,0.01477832,-0.009433962,-0.03496503,0.01587301,-0.03846154,0.0,-0.009900991,-0.01694915,0.03065134,-0.03389831,0.0,-0.0212766,0.02140845,0.0,0.03459788,-0.01380671,-0.03513513,-0.005128205,-0.01764706
0.03044125,-0.02702703,0.0,0.0362173,-0.01960784,0.04381443,-0.00729927,0.09271523,0.04,0.0325,0.04608295,0.04854369,0.03076923,0.03883495,0.01904762,0.02173913,0.00625,0.008333333,0.006535948,0.046,0.06896552,0.003717472,0.03508772,0.05780347,0.005434783,0.08218422,0.00877193,0.03344089,0.04866667,-0.005602241,0.1237113,0.03592814
0.02350652,-0.01388889,0.006690998,0.0,0.04,0.1283951,0.02794118,-0.006060606,0.01282051,0.0653753,-0.04405286,0.03703704,0.02985075,0.01401869,0.02803738,0.0212766,-0.05279503,0.0,0.02597403,0.007648183,0.0483871,0.02592593,0.05084746,0.06557377,0.0,0.01936799,-0.0173913,0.006244678,0.01970757,0.01408451,0.01834862,0.04624277
0.03179237,0.03521127,0.07009063,0.02912621,0.07211538,0.03938731,0.0,0.01829268,0.05696203,0.02272727,-0.00921659,0.04464286,0.01932367,0.04608295,0.0,0.03472222,0.006557377,0.04628099,0.0443038,0.07020873,0.01538462,0.01083032,0.0,0.04615385,-0.005405405,0.006,0.04424779,0.01297602,0.03241895,0.0,0.06306306,0.02762431
-0.03249837,-0.03401361,-0.01976285,-0.06226415,-0.06278027,-0.02105263,0.01430615,-0.01796407,-0.0239521,-0.01111111,-0.009302326,-0.05982906,-0.03791469,-0.07048458,0.0,-0.03355705,-0.1140065,-0.0221169,-0.03636364,-0.03368794,-0.0530303,-0.01785714,-0.03225806,-0.01960784,-0.05978261,-0.03081511,-0.008474576,-0.03174603,-0.01237923,-0.03611111,-0.06779661,-0.03225806
0.01526373,0.04225352,0.01324885,0.01609658,0.05263158,-0.05376344,-0.01410437,0.01829268,-0.006134969,0.01123595,-0.01408451,-0.01818182,0.02955665,0.01895735,-0.01818182,0.01388889,0.02941177,0.05331179,0.04402516,0.05137615,0.016,0.007272727,0.0,0.065,0.01156069,0.03179487,0.0,0.02617199,0.006420055,0.0,-0.02272727,0.04444444
-0.009081101,-0.01351351,-0.01307561,-0.03960396,-0.03636364,-0.01136364,-0.007153076,0.0,-0.01234568,0.03777778,-0.02380953,-0.009259259,0.004784689,-0.01860465,0.009259259,0.006849315,-0.03571429,0.04447853,-0.04216867,0.0,-0.02362205,-0.003610108,-0.03333333,0.004694836,-0.01142857,-0.03081511,0.008547008,-0.01261211,-0.006379101,0.008645532,0.004651163,0.01595745
-0.02592369,0.0,-0.03341014,-0.03092784,-0.04245283,-0.02298851,-0.02017291,-0.02994012,-0.05625,-0.02569593,-0.04878049,-0.009345794,-0.04285714,-0.06635071,-0.08256881,-0.02040816,-0.05555556,-0.01468429,-0.02515723,-0.04886562,-0.05645161,-0.05072464,0.01724138,-0.009345794,-0.02312139,-0.03230769,-0.03389831,-0.01930173,0.006420055,-0.05142857,-0.00462963,-0.04712042
0.02906297,0.0,0.02085816,-0.006382978,0.0591133,-0.007058824,0.01470588,0.0,0.0,0.03296703,0.05128205,0.02830189,0.02487562,0.02030457,-0.01,0.03472222,0.08627451,0.07898659,0.07096774,0.02568807,0.02564103,0.04961832,0.005649718,-0.06132075,0.01775148,0.01324854,0.02631579,0.03936324,0.02521264,0.0,0.02325581,0.04395604
-0.02041028,-0.01369863,-0.02043199,-0.03640257,-0.02790698,-0.02843602,-0.01449275,0.01234568,-0.02649007,0.004255319,0.0,-0.03669725,-0.02912621,-0.0199005,0.04040404,0.0,-0.06137184,-0.006906077,-0.03012048,-0.0411449,-0.05833333,-0.04,-0.01123596,0.01507538,-0.0872093,-0.03242678,-0.01709402,-0.03174603,-0.02459259,-0.04518072,-0.02727273,-0.005263158
-0.02056258,-0.04861111,-0.01370679,-0.03333333,-0.03349282,-0.05365854,-0.01470588,-0.01829268,-0.02040816,0.01694915,0.009756098,-0.02857143,-0.01,-0.03553299,-0.01941748,-0.02013423,0.0,-0.01251739,-0.04968944,-0.03358209,0.008849558,-0.04166667,0.0,0.03960396,0.006369427,-0.04054054,0.008695652,-0.03249928,-0.0127582,-0.02208202,-0.04205607,-0.03174603
-0.02525407,-0.05839416,-0.02114804,0.01149425,-0.03465347,0.0,-0.02835821,-0.03726708,0.02083333,-0.01666667,-0.009661836,0.02941176,-0.05555556,-0.02105263,-0.03465347,-0.02739726,-0.03846154,-0.06056338,-0.05228758,-0.06949807,0.0,-0.03162055,-0.02840909,-0.02380952,-0.01265823,-0.04901408,-0.02586207,-0.04072533,-0.03846154,0.00967742,-0.04390244,0.0
0.03535086,0.03875969,-0.03518519,0.04545455,0.07692308,0.01804124,0.01536098,0.02580645,0.02721088,0.01059322,0.1219512,0.03809524,0.06417112,0.02688172,0.005128205,0.04225352,-0.02,0.05697151,0.03448276,0.04771784,0.03508772,0.02857143,0.02923977,-0.04390244,-0.006410256,0.06635071,0.03539823,0.04927177,0.04672,-0.01916933,0.07142857,0.0273224
0.0583506,0.04477612,0.01471529,0.05434783,0.04761905,0.0,0.05748865,0.06289308,0.05960265,0.03773585,0.04347826,0.05504587,0.05025126,0.07853403,0.03061224,0.07432432,0.1020408,-0.007092198,0.05333333,0.07920792,0.03389831,0.1031746,0.05681818,0.127551,0.04516129,0.0,0.05128205,0.05375074,0.06358912,-0.0228013,0.05238095,0.04787234
-0.000611077,-0.04285714,-0.01450189,-0.03092784,0.01818182,0.01265823,-0.01287554,-0.05325444,-0.03125,0.02020202,0.008333331,-0.0173913,-0.01913876,-0.01456311,0.00990099,0.03144654,0.02592593,0.007142857,-0.01265823,-0.04036697,-0.04918033,0.003597122,-0.01612903,0.1312217,0.03703704,0.02777778,-0.01626016,-0.0190583,0.006036217,0.0,-0.04524887,0.01522843
0.02071223,-0.02238806,0.01471529,0.004255319,0.02678571,0.005,0.0,0.0375,-0.01290323,-0.009900991,0.02066116,0.05309735,0.01463415,0.02463054,0.05882353,0.01829268,0.01083033,0.02695035,0.03205128,0.0,0.05172414,0.01433692,0.06557377,-0.004,0.005952381,0.006486487,-0.04958678,0.01285714,0.02971429,-0.009999999,0.01895735,0.12
-0.01621924,0.09160305,-0.04413619,0.0338983,-0.01304348,0.007462687,-0.007246377,-0.02409639,0.03921569,-0.04,0.01214575,0.008403361,-0.02884615,-0.05288462,-0.0462963,-0.005988024,-0.03571429,-0.01933702,-0.08695652,-0.02676864,-0.03278689,-0.01413428,0.005128205,0.04016064,-0.03550296,-0.03329753,-0.04347826,-0.02538787,-0.01720311,-0.01683502,-0.04651163,0.01785714
0.01201,0.0,-0.007255937,0.03483607,0.06167401,-0.007407408,0.04233577,0.02469136,0.05031447,0.1145833,0.04,0.05833333,-0.00990099,-0.01522843,0.0,-0.006024097,0.01851852,0.01267606,0.02721088,0.01768173,0.008474576,0.01075269,0.05102041,-0.003861004,-0.006134969,0.01388889,-0.01818182,-0.01331404,0.01750423,0.01027397,-0.01463415,-0.01754386
0.01082516,0.006993007,0.0,0.04950495,0.02904564,-0.004975125,-0.007002801,0.03012048,0.01796407,0.0,-0.03076923,-0.03937008,0.035,0.01546392,0.04854369,0.006060606,0.08,0.0,0.04635762,0.00965251,0.008403361,-0.0106383,0.0,-0.04263566,0.05555556,0.01369863,0.0,0.0398944,0.005826859,0.06101695,0.02475247,0.0
-0.02309095,0.006944444,-0.01594684,-0.04716981,-0.06854839,-0.007499999,-0.01410437,-0.04093567,-0.04705882,-0.1271028,-0.03968254,0.02459016,-0.02415459,-0.03553299,-0.02777778,-0.02409639,-0.02356902,-0.01251739,-0.02531646,-0.03441683,-0.01666667,-0.03225806,-0.02427184,0.0242915,-0.02339181,-0.04054054,-0.02777778,-0.01918195,-0.03448276,-0.07348243,-0.004830918,-0.01785714
0.01441607,0.06896552,0.02363268,0.06930693,0.01298701,0.0,0.02145923,0.06097561,0.04938272,-0.01498929,0.0,0.0,0.03465347,0.05789474,0.00952381,-0.01234568,0.04137931,0.01267606,0.03896104,0.007920791,0.0,0.007407407,0.03482587,0.0513834,0.02994012,0.01408451,0.01904762,0.0132298,0.04171429,0.04137931,0.02912621,0.04545455
0.0200889,-0.006451613,-0.007255937,0.1203704,0.01282051,0.04030227,0.0,0.04022989,0.02352941,0.05434783,0.06198347,0.016,0.004784689,0.03482587,0.0,0.01875,0.02649007,-0.006954103,0.0125,0.009823183,0.02542373,0.01102941,0.01923077,-0.02631579,0.01162791,-0.007222222,0.0,0.05166052,0.02852441,-0.03311258,0.1179245,0.08695652
0.04290393,0.02467532,0.06112957,0.07438017,0.0464135,0.004842615,0.01960784,0.02209945,0.02298851,-0.0371134,0.0,0.07874016,0.05714286,0.03365385,0.05660377,0.03067485,0.0483871,0.0140056,0.07407407,0.02529183,0.04132231,0.04363636,0.03301887,0.07335907,0.05172414,0.09792949,0.02803738,0.04291498,0.04986667,0.02739726,0.02109705,0.04
0.09473666,0.0887199,0.0507201,0.03076923,0.08870968,0.1493976,0.09340659,0.08648649,0.03370787,-0.0620985,0.1361868,0.2189781,0.1396396,0.1116279,0.04464286,0.04166667,0.07692308,0.05939227,0.06896552,0.1043643,0.0952381,0.1585366,0.08219178,0.007194245,0.06010929,0.04485219,0.05454545,0.1058489,0.06883414,0.09,0.1983471,0.1307692
-0.005095858,0.05820722,-0.01370679,-0.02238806,0.003703704,0.1111111,0.07286432,0.009950249,0.01630435,0.07305936,0.02739726,-0.07185629,0.0513834,-0.008368201,0.02564103,-0.01714286,0.01428572,0.07431551,-0.005376344,0.0,-0.01449275,0.0,-0.01687764,-0.03214286,0.0,0.04878049,-0.01724138,0.02644512,-0.009743346,0.1314985,0.04310345,0.02040816
0.06993321,0.1364136,0.06283988,0.1832061,0.07380074,0.03773585,0.06206089,0.1034483,0.06951872,-0.0106383,0.05666667,0.07741935,0.07142857,0.1308017,0.05,0.04069767,0.2112676,0.0631068,0.1135135,0.0927835,0.09558823,0.09774436,0.07296137,0.04059041,0.08247423,0.1567442,0.03508772,0.09849521,0.03983681,0.03243243,0.04958678,0.1
-0.03560476,-0.09680542,-0.03297328,-0.01935484,-0.05498282,-0.05454545,-0.05402426,0.004464286,-0.015,0.0,0.02523659,-0.05389222,0.003508772,0.0,-0.01587302,-0.03351955,-0.06976744,-0.03196347,-0.03398058,0.0,-0.006711409,-0.04109589,-0.052,-0.06382979,-0.05714286,0.005227181,-0.03389831,0.0,-0.04800369,-0.04973822,-0.07086614,0.01212121
0.07828448,0.09646302,0.06819518,0.1842105,0.08727273,0.2596154,0.1410256,0.05777778,0.02538071,0.0,0.2215385,0.06962025,0.04195804,0.06343284,0.06451613,0.03468208,0.225,0.1061321,0.1155779,0.0581761,0.06081081,0.09285714,0.1476793,0.003787879,0.07070707,0.09,0.04385965,0.122665,0.1010909,0.07988981,0.1525424,0.04191617
-0.0450777,0.0,0.006604293,-0.07222222,0.0367893,-0.01526718,-0.01532176,-0.08823529,-0.03465347,-0.04946237,-0.0302267,-0.09467456,-0.07718121,-0.03157895,-0.09090909,-0.03910614,0.0,-0.07569296,-0.04504505,-0.04754829,-0.08917197,-0.07843137,-0.02941176,-0.003773585,-0.02358491,-0.03669725,-0.01680672,-0.0587909,-0.009247028,-0.0255102,0.01470588,-0.06896552
0.001131268,-0.02932551,0.05030071,0.05389222,0.04032258,0.0,-0.02904564,-0.05069124,0.02051282,-0.02262443,0.03116883,-0.02614379,-0.007272727,-0.01086957,-0.008333333,0.005813953,-0.01020408,-0.005767013,0.02830189,0.0,-0.02797203,0.02836879,-0.01893939,-0.02272727,0.0,-0.009523809,0.02564103,-0.02769593,0.03711111,-0.03141361,-0.01449275,0.01851852
0.002148921,-0.005035246,0.06038522,-0.01704545,-0.03100775,0.03100775,0.0,0.0631068,0.005025125,0.02314815,-0.05037783,-0.01342282,0.02564103,0.007326007,0.0,0.01156069,0.1134021,0.0,-0.03669725,-0.01404056,0.007194245,-0.0137931,-0.01544402,0.1317829,-0.04347826,0.05769231,0.0,0.01010101,-0.008999357,0.02702703,0.04411765,0.06666667
0.1004653,0.1052632,0.07952872,0.02890173,0.184,0.09022556,0.05128205,0.1643836,0.06,0.07466063,0.08753316,0.08843537,0.08035714,0.1181818,0.04201681,0.09142857,0.06481482,0.08236659,0.1714286,0.1503165,0.1285714,0.1398601,0.04705882,0.003424658,0.1313131,0.1454545,0.075,0.11,0.1243243,0.04473684,0.1056338,0.06818182
0.03331505,-0.01739927,0.04729422,-0.02808989,0.02702703,-0.006896551,-0.0101626,0.03137255,0.05660377,-0.07789474,0.06829268,-0.025,0.08264463,0.1138211,0.04032258,0.04712042,0.0,-0.04608789,0.008130082,0.176066,0.05696203,0.04294479,0.01498127,0.003412969,0.0,-0.05555556,0.1317829,0.05405405,-0.009615385,0.1889169,0.03821656,0.08510638
0.04455921,0.137931,0.01519757,0.0,0.0,0.02777778,0.01950719,0.06463878,0.0625,0.02739726,-0.01826484,0.02564103,0.04580153,0.0729927,0.007751938,0.06,-0.03478261,0.04831461,0.02419355,0.05263158,0.02994012,0.03529412,0.05904059,0.02040816,0.08035714,0.05042017,-0.006849315,0.1367521,0.01941748,-0.04661017,0.0797546,0.04411765
0.07686643,0.2121212,0.04961506,0.1676301,0.01315789,0.1891892,0.08761329,0.09821429,0.07563025,0.04444444,-0.01860465,0.01875,0.0729927,0.1156463,0.1538462,0.08490566,0.04504504,0.03108253,0.09448819,0.2222222,0.09883721,0.07386364,0.1236934,0.06666667,0.05371901,0.128,0.04137931,0.06766917,0.07619048,-0.01111111,0.2954545,0.02347418
-0.07460977,-0.1945946,0.04686227,-0.09405941,-0.08441558,-0.07386364,-0.01759259,-0.1317073,-0.0703125,0.0212766,0.04739336,-0.06748466,-0.08163265,-0.152439,-0.1133333,-0.06956522,-0.1034483,-0.1185031,-0.1438849,-0.04090909,-0.01058201,-0.03703704,-0.1255814,0.0390625,-0.08235294,-0.106383,-0.05298013,-0.02112676,-0.1061947,0.03370786,-0.1140351,-0.05504587
-0.02065192,-0.02516779,0.02724796,-0.06010929,-0.0141844,-0.07361963,-0.06409048,-0.04868914,0.01680672,-0.03125,-0.10181,0.0,-0.04444444,-0.04316547,-0.04511278,0.0,-0.009615384,-0.05660377,-0.008403362,-0.01800948,-0.03208556,-0.02747253,-0.0141844,-0.06766917,0.03846154,0.02380952,0.0,-0.0647482,-0.01485149,-0.1021739,-0.01485149,-0.01941748
0.06359358,0.1110155,-0.03524062,0.0872093,0.1366906,0.09271523,0.05840886,0.08661417,0.04958678,0.01505376,0.08816121,0.06578947,0.08527132,0.1052632,0.05511811,0.06542056,-0.02912621,0.0775,0.08474576,0.06177606,0.06629834,0.06779661,0.02517986,0.05645161,0.02880658,0.0620155,0.03496504,0.01538462,-0.01005025,0.004842615,0.09547739,0.07425743
-0.007115574,0.03098373,-0.02710134,-0.05347594,0.01898734,0.0,0.03235014,0.01449275,-0.007874016,-0.02542373,-0.09259259,-0.02469136,-0.007142857,-0.006802721,-0.007462687,-0.00877193,-0.04,0.005800464,-0.015625,-0.05,-0.03626943,0.005291005,0.03859649,-0.03816794,0.0,0.02189781,0.0,-0.01515152,-0.02030457,0.004819277,-0.02752294,0.03225806
0.06853152,0.07438017,0.04683084,0.0,0.04347826,0.06666667,0.00921659,0.1160714,0.06349206,0.02608696,0.0127551,0.02531646,0.09352518,0.05479452,0.05263158,0.159292,0.01666667,0.00461361,0.05555556,0.05263158,0.02688172,0.05263158,0.07263514,0.05555556,0.04,0.06428571,0.08108108,0.06153846,0.01036269,-0.004796163,0.03773585,0.004464286
-0.05375581,-0.03496503,-0.02699576,-0.05649718,-0.07738095,-0.05113636,-0.04474886,-0.0688,-0.04477612,-0.0529661,-0.08060453,-0.0308642,-0.08552632,-0.07142857,-0.02142857,-0.05343511,0.01434426,-0.08725603,-0.03759398,-0.08272727,-0.05235602,-0.045,-0.08976378,-0.04511278,-0.05384615,-0.04697987,-0.03125,-0.07971015,-0.04615385,-0.02409639,-0.02727273,-0.08
-0.05894891,-0.07173913,-0.06539834,-0.06586826,-0.06451613,-0.07784431,-0.05927342,-0.05498282,-0.0390625,-0.01565996,-0.04931507,-0.05095541,-0.09352518,-0.06293706,-0.02189781,-0.0483871,-0.04040404,0.03018868,-0.1015625,-0.1129832,-0.08839779,-0.06806283,-0.0449827,-0.0992126,-0.03658537,-0.05633803,-0.05806452,-0.04724409,-0.04301075,-0.01234568,-0.1074766,-0.06763285
-0.06702735,-0.03122561,-0.1594572,-0.05769231,-0.07586207,-0.1038961,-0.03963415,-0.08,-0.05691057,-0.06818182,0.008645532,-0.04697987,-0.03968254,-0.06716418,-0.1044776,-0.05932203,-0.1157895,-0.01709402,-0.06956522,-0.1318436,-0.04848485,-0.04494382,-0.1268116,-0.1258741,-0.07172996,-0.1268657,-0.07534247,-0.05785124,-0.07865169,-0.1125,-0.05759162,-0.04145078
