3436.05,725.5,382.0,256.5,905.0,470.0,1965.0,356.0,432.0,113.25,330.0,306.5,720.0,521.0,392.0,246.0,95.0,588.0,598.0,144.5,57.25,310.0,312.5,233.0,1205.89,133.11,254.25,434.0,614.0,83.5,277.5,586.5,1052.0,465.35,471.5,287.0,607.5,134.0,655.5,141.5,961.0,63.21,48.23,761.5,209.2,721.0,62.75,557.0,302.0,880.5,268.0,141.0,373.32,744.5,621.5,485.0,280.73,956.0,431.0,170.0,105.0,296.92,1210.0,65.67,47.25,1320.0,1226.8,360.0,124.75,218.15,430.25,391.5,302.0,604.5,340.75,686.5,335.5,346.25,613.5,665.0,277.0,160.5,528.0,528.27,450.5,342.25,53.5,139.02,172.0,258.78,135.12,184.75,141.0,161.25,13.6,227.5,68.0,317.46,195.72,271.69,226.0
3722.27,803.0,408.0,301.5,970.5,518.0,2080.0,415.0,469.0,130.0,371.75,326.0,755.0,561.0,415.0,262.5,109.75,605.0,634.0,163.0,62.5,338.0,305.5,251.5,1318.24,147.77,280.75,479.5,673.0,90.0,286.25,605.0,1152.0,493.55,433.0,312.5,641.0,154.5,689.0,143.0,1023.5,66.77,52.02,795.0,235.11,713.5,72.75,580.0,353.5,900.0,295.5,167.75,405.26,803.0,664.5,511.0,342.02,1048.0,475.0,172.0,112.25,330.9,1271.0,71.3,54.92,1429.0,1308.58,387.0,142.0,242.95,504.0,485.0,337.75,638.0,380.5,730.0,356.25,386.25,631.5,709.0,280.25,171.5,568.0,566.91,500.0,370.5,59.25,141.49,173.5,263.05,133.7,188.75,150.0,161.5,7.77,220.0,55.5,310.5,202.74,277.64,250.75
3743.27,814.5,431.0,301.5,943.0,508.5,2205.0,401.25,470.0,124.75,379.75,323.0,768.0,565.0,416.5,280.0,118.5,602.5,633.0,173.0,60.0,342.0,294.5,247.0,1438.08,145.53,280.75,490.25,659.0,92.75,294.0,577.0,1170.0,509.92,428.25,319.25,675.0,152.0,671.5,153.5,998.5,71.22,56.51,779.5,229.73,724.5,77.0,574.0,353.0,890.0,301.25,180.25,404.26,822.0,675.5,509.0,325.44,1032.0,476.0,175.0,108.0,333.48,1265.0,75.05,60.98,1469.0,1318.15,388.0,122.75,226.34,503.0,468.25,343.5,634.5,376.25,713.0,380.0,367.0,663.0,723.0,289.75,182.0,563.0,548.32,527.0,367.0,60.25,152.48,191.0,273.94,132.25,197.25,159.75,172.75,8.02,226.0,57.5,327.89,202.24,292.51,262.75
3613.28,775.5,437.0,280.0,899.0,493.0,2157.0,352.0,470.0,112.0,365.0,317.0,757.0,530.5,401.25,269.5,104.0,591.5,626.5,157.0,69.0,335.0,302.5,236.5,1375.67,143.3,270.25,462.5,649.0,85.5,296.25,610.0,1113.0,490.53,430.0,308.25,649.5,137.75,649.0,92.0,1005.0,75.01,53.91,737.0,224.84,732.5,69.5,574.5,322.0,971.5,282.0,178.5,386.79,849.0,649.5,480.5,296.59,1037.0,452.0,173.75,101.5,330.9,1179.0,66.37,55.13,1425.0,1331.21,396.0,115.0,218.15,495.25,451.0,338.75,636.0,376.0,716.0,385.5,387.0,640.0,673.5,299.0,178.25,586.0,512.61,512.0,341.0,54.5,146.76,195.0,266.36,133.97,194.75,147.0,170.0,6.35,225.5,58.0,340.31,185.18,287.55,257.0
3935.82,864.0,458.0,338.0,982.5,521.5,2354.0,400.0,490.0,130.75,412.5,351.5,828.5,534.5,421.0,276.0,124.25,586.0,678.5,179.5,83.75,354.0,306.5,261.0,1580.39,163.66,291.75,530.0,707.0,94.75,286.75,614.0,1246.0,550.71,425.0,341.5,719.5,157.5,697.0,106.0,1063.0,82.8,63.6,826.0,240.73,738.0,81.0,582.0,379.5,998.5,295.25,183.0,415.99,889.0,728.5,560.0,347.55,1095.0,516.0,184.5,118.0,338.4,1272.0,84.43,75.92,1612.0,1405.16,430.0,122.75,231.54,595.75,548.5,354.0,659.5,391.75,751.5,426.0,414.5,692.0,711.0,300.0,189.25,616.0,570.33,554.0,406.5,66.75,151.91,198.5,290.79,134.12,223.0,162.0,178.75,8.54,233.5,58.5,356.21,190.2,297.47,294.75
3849.41,842.5,453.0,333.25,932.0,518.0,2233.0,393.5,473.5,123.5,407.75,335.5,804.0,524.5,408.5,281.0,117.25,589.5,624.0,175.5,80.0,340.0,307.5,248.5,1487.18,156.71,288.5,507.0,688.5,92.0,296.25,625.0,1230.0,521.75,450.0,328.0,714.0,146.5,674.5,116.25,1078.0,84.13,60.77,800.0,229.73,728.0,75.0,561.0,386.5,1023.5,275.25,185.0,409.25,876.5,714.5,520.25,341.78,1118.0,470.5,187.5,113.25,338.87,1214.0,80.21,78.35,1563.0,1357.31,424.25,132.25,234.02,594.0,535.0,343.5,661.0,392.0,748.0,408.5,414.75,667.5,688.0,298.0,202.75,619.0,557.61,539.0,376.0,65.25,147.42,194.0,283.59,134.22,230.5,174.0,182.5,8.41,242.5,58.0,351.74,194.71,310.36,280.0
3889.22,840.0,467.0,342.0,933.5,528.5,2213.0,407.25,479.5,119.25,414.0,340.25,802.5,548.0,407.5,289.0,120.25,602.0,656.5,182.5,79.0,345.0,312.0,249.25,1531.29,170.12,291.0,521.25,679.0,94.25,299.5,615.0,1225.0,576.9,438.0,328.75,721.5,146.0,683.0,118.25,1079.0,84.58,63.13,807.0,238.04,746.5,76.25,569.0,398.5,1059.0,285.0,190.5,414.24,915.0,729.0,541.25,351.88,1142.0,492.0,189.5,117.75,343.08,1234.0,82.08,80.77,1611.0,1359.05,427.25,136.0,232.53,599.75,539.0,346.0,659.0,392.0,754.0,410.5,419.5,667.5,720.0,305.75,193.5,625.5,569.84,558.0,400.0,70.25,149.09,199.5,293.57,134.9,229.25,175.75,187.75,8.81,237.0,57.0,345.28,205.75,277.88,290.0
3940.25,861.0,455.0,339.5,860.0,539.5,2424.0,446.0,477.0,124.5,442.75,318.75,791.5,555.0,403.0,291.0,122.0,595.5,671.0,185.0,76.5,331.75,312.0,267.25,1514.5,171.61,289.0,541.0,693.5,111.5,300.25,609.0,1257.0,583.19,451.0,337.5,744.0,144.0,669.0,125.25,1054.0,97.04,64.79,825.5,238.53,750.0,76.25,575.0,421.5,1048.0,289.25,187.5,413.25,945.5,725.0,550.25,351.88,1124.0,496.0,186.5,130.5,361.36,1178.0,82.55,87.43,1653.0,1324.24,439.5,140.25,236.0,624.75,566.0,369.0,655.0,390.0,729.0,390.5,426.0,675.0,689.5,294.0,194.0,615.0,585.0,582.0,450.0,76.25,150.75,191.0,291.2,136.35,232.5,194.0,191.5,15.07,256.0,60.5,358.69,227.33,292.51,291.75
3952.59,819.5,471.0,324.25,913.5,541.0,2508.0,432.0,494.5,124.0,428.0,316.75,789.0,569.0,405.25,312.0,135.0,605.0,650.0,182.5,74.5,340.0,312.0,246.0,1593.5,166.89,290.5,532.0,685.0,114.5,317.0,600.5,1332.0,575.89,443.0,347.25,737.0,157.75,691.0,126.0,1026.5,101.72,63.84,847.5,238.53,751.0,78.5,583.5,416.0,1056.0,293.25,185.0,408.26,959.0,710.0,507.0,368.22,1091.0,487.5,184.75,138.5,370.97,1196.0,88.18,86.63,1625.0,1338.17,419.0,139.0,241.95,615.25,550.0,366.75,645.5,388.25,719.5,451.0,424.0,671.0,708.0,294.0,198.0,555.5,607.51,600.0,452.0,74.0,152.43,200.5,294.85,137.81,238.0,184.5,197.0,14.53,257.5,64.0,374.09,230.34,300.44,306.5
3987.44,829.0,473.0,340.0,909.5,558.0,2526.0,436.0,501.25,132.25,409.25,315.75,785.0,606.0,416.5,314.75,138.5,597.0,678.0,184.75,81.75,350.0,307.5,248.5,1641.0,170.37,302.0,563.0,662.0,120.5,322.0,585.0,1312.0,612.66,472.5,342.0,701.5,166.25,707.5,128.0,1030.0,102.16,63.84,862.5,250.99,787.5,80.0,615.5,420.0,1077.0,301.25,186.0,405.76,989.0,715.5,498.0,379.76,1102.0,482.0,183.0,145.5,347.3,1183.0,91.0,91.67,1628.0,1397.33,446.0,144.5,258.07,612.0,544.75,364.0,659.0,378.0,710.5,425.0,402.5,676.0,742.5,299.0,199.25,586.5,611.42,611.0,456.5,76.0,154.39,203.0,304.27,138.82,239.5,191.25,200.0,15.79,269.5,57.0,380.06,224.82,327.21,316.5
3941.34,816.5,479.0,346.75,890.5,569.5,2550.0,427.25,501.0,130.5,417.0,301.25,775.0,594.0,407.5,316.0,137.5,595.0,647.5,181.0,92.5,348.0,297.5,237.75,1678.0,177.32,287.75,585.75,648.0,118.75,326.75,581.0,1251.0,609.38,515.0,342.0,715.0,165.25,694.0,138.25,1015.0,102.38,67.86,870.0,244.88,777.0,83.75,621.0,417.25,1142.0,306.0,186.5,411.25,991.5,705.5,520.0,366.3,1107.5,489.0,184.5,161.0,349.41,1142.0,89.59,99.35,1590.0,1375.58,422.0,152.75,257.32,621.0,564.0,365.0,638.0,360.0,721.0,423.0,412.5,666.0,705.0,312.0,206.5,550.0,607.51,619.0,461.5,78.25,153.45,198.5,303.19,138.14,230.0,190.0,205.0,18.96,266.5,49.5,386.51,232.85,332.17,312.25
3979.84,823.0,490.75,342.0,920.0,575.0,2468.0,424.0,504.0,128.5,415.25,309.5,771.5,608.0,415.25,317.25,128.0,656.0,657.5,188.0,93.75,357.5,292.5,223.25,1645.0,177.32,316.25,591.0,646.0,114.25,363.25,610.5,1240.0,597.04,515.0,339.5,690.0,168.5,711.0,137.0,1086.0,105.05,75.9,869.5,249.52,792.0,84.5,629.0,419.75,1194.0,294.0,197.0,414.74,992.5,705.0,533.75,349.23,1120.0,495.5,183.25,174.75,350.11,1170.0,90.29,107.02,1550.0,1403.42,417.0,151.25,265.5,628.0,558.0,390.0,643.0,363.75,727.5,413.0,376.0,661.5,706.0,316.0,201.75,551.5,607.51,614.0,474.25,79.75,150.92,194.0,301.82,140.38,225.25,189.5,204.0,16.47,267.5,55.0,383.53,241.89,327.96,309.5
4129.28,838.0,502.0,397.0,971.0,569.5,2515.0,460.75,498.0,135.0,440.5,322.25,781.0,638.5,428.75,319.0,147.0,662.0,670.0,197.75,98.0,360.5,298.5,235.5,1773.0,179.55,343.0,607.0,658.0,112.0,370.75,609.0,1238.0,653.2,533.0,354.25,740.0,181.25,736.0,140.0,1110.0,111.06,85.12,892.5,263.94,812.0,90.5,638.0,473.5,1233.5,288.5,191.75,403.26,990.5,748.0,592.25,373.03,1172.5,522.0,183.5,182.25,358.08,1225.0,114.45,117.92,1616.0,1421.69,413.5,167.0,267.74,685.25,611.0,387.0,654.0,368.0,740.0,417.25,366.0,684.0,753.0,315.25,209.25,560.0,622.18,667.0,523.5,87.0,156.35,212.0,312.86,140.3,235.0,195.0,215.0,15.84,270.0,69.5,380.06,237.87,342.09,332.5
4129.09,848.0,491.0,414.75,996.5,553.5,2636.0,428.75,499.0,154.0,440.0,327.75,761.5,625.0,429.0,331.0,163.0,660.0,681.0,194.0,99.5,357.25,300.5,245.5,1760.0,182.29,351.5,599.0,676.5,114.0,398.5,594.5,1261.0,653.2,540.0,370.5,762.0,181.25,730.5,147.5,1064.5,115.51,83.46,923.0,269.32,808.5,86.0,640.0,452.0,1249.5,286.0,191.5,405.51,970.0,739.0,588.5,349.95,1146.0,537.0,193.5,188.75,359.49,1266.0,123.83,113.08,1626.0,1426.91,408.75,176.0,253.6,702.75,616.0,389.0,631.0,366.75,720.0,418.0,364.5,680.0,742.0,334.75,212.0,556.0,626.09,693.0,503.75,91.5,158.14,208.5,315.57,140.96,270.0,200.0,223.25,19.14,275.0,65.5,388.0,239.38,331.18,353.5
4152.9,835.5,496.75,448.0,960.5,529.5,2633.0,453.0,489.5,139.5,461.0,330.0,775.0,627.5,438.0,335.75,159.0,646.5,675.5,200.0,98.25,352.0,309.0,241.0,1790.0,177.07,337.0,587.5,678.5,107.75,398.25,590.0,1238.0,682.41,534.5,367.75,792.0,186.5,734.0,140.0,1051.5,112.62,80.15,895.0,276.41,819.0,89.5,636.5,456.5,1273.0,302.5,192.5,406.26,994.0,712.5,597.0,365.33,1118.5,540.0,195.0,194.75,350.58,1221.0,119.14,111.46,1749.0,1466.94,419.25,174.0,261.29,691.0,610.0,402.75,634.0,375.0,727.5,427.25,375.25,673.0,763.5,335.0,210.5,548.5,663.76,685.5,494.0,84.0,155.84,202.5,316.47,142.86,265.75,195.25,220.0,17.44,269.0,63.5,392.48,238.37,328.21,348.5
4087.89,825.5,498.0,404.0,949.0,534.5,2507.0,444.25,495.0,135.0,457.5,323.0,787.5,612.0,431.25,326.5,158.5,668.0,676.0,199.5,105.5,359.75,317.0,232.75,1771.0,174.84,329.75,588.0,665.5,112.5,403.25,600.0,1249.0,662.77,530.0,364.0,795.0,185.0,729.0,123.75,1094.0,115.74,80.15,914.0,263.45,818.5,88.0,630.0,452.0,1232.0,304.5,189.0,399.27,1005.0,725.0,571.0,365.33,1130.0,518.0,187.5,183.25,356.21,1177.0,119.14,108.03,1714.0,1416.47,405.5,167.75,255.84,655.5,581.75,378.0,637.5,365.25,695.5,411.0,358.25,703.0,760.0,338.0,209.0,496.0,662.29,680.75,464.0,80.0,159.22,205.5,317.96,141.77,265.0,190.5,210.25,16.03,264.0,58.5,391.98,237.37,352.25,335.0
4031.17,830.0,495.25,418.0,925.0,536.0,2430.0,420.75,490.5,142.5,450.0,319.0,777.5,648.5,420.25,307.0,151.5,687.5,671.5,203.75,113.0,358.0,309.5,226.0,1841.0,174.59,326.75,570.0,647.0,132.0,404.25,595.0,1223.0,683.92,495.5,337.75,784.5,184.0,716.0,122.75,1083.0,115.07,86.07,883.0,271.03,781.5,84.0,619.5,430.25,1196.0,315.75,183.75,410.25,1026.5,713.0,566.0,352.84,1112.0,504.25,189.25,175.75,357.15,1140.0,120.31,112.07,1700.0,1392.11,405.75,162.0,251.87,629.75,553.75,366.5,624.0,364.0,684.0,400.0,348.25,703.0,736.0,342.5,219.25,482.5,663.27,670.25,475.0,79.25,157.39,204.0,312.57,140.72,260.0,193.0,208.0,14.58,258.5,58.5,376.58,237.37,353.49,324.5
4074.77,826.0,483.0,441.0,944.5,534.0,2565.0,446.25,508.25,145.0,458.75,331.0,797.0,660.0,417.5,318.5,167.5,665.0,685.0,196.5,113.5,352.0,298.0,223.25,1857.0,174.34,342.75,587.0,650.0,127.5,412.25,581.5,1223.0,709.1,505.0,342.25,792.0,195.75,730.0,134.5,1053.0,118.85,86.3,884.5,284.0,792.0,88.5,622.0,450.5,1276.0,319.5,189.75,403.26,1035.5,700.0,569.25,375.67,1100.0,501.0,191.0,195.0,370.27,1195.0,134.15,115.1,1691.0,1374.71,408.0,179.75,252.61,650.0,575.0,360.75,631.0,368.0,684.0,376.5,352.0,734.5,755.0,342.0,215.0,485.5,686.74,681.0,495.5,79.75,158.66,205.0,311.81,140.61,275.0,191.75,211.0,16.76,258.0,59.5,377.07,258.45,351.01,339.0
4127.64,845.5,509.75,467.75,1015.5,538.0,2560.0,459.0,503.0,147.75,459.5,346.0,868.0,664.5,410.5,315.5,179.0,664.0,691.5,202.75,120.5,352.0,307.5,215.5,1860.0,172.85,348.0,605.5,632.0,141.0,416.25,575.0,1212.0,712.88,512.0,349.25,794.0,200.5,755.5,135.75,1026.0,126.2,90.79,903.0,278.0,811.0,92.5,629.0,476.25,1287.0,339.0,193.5,394.03,1108.5,710.0,584.0,412.92,1156.0,494.25,196.0,221.0,374.72,1250.0,134.15,122.77,1730.0,1369.49,413.0,183.5,250.88,650.25,580.0,359.0,638.5,360.0,703.0,410.75,370.0,754.5,788.5,335.75,220.0,492.5,695.55,681.75,522.0,88.0,163.72,198.0,318.5,141.49,269.0,187.0,235.0,19.68,280.0,59.0,356.21,244.9,373.82,344.0
4044.28,814.0,482.75,433.75,982.5,529.0,2394.0,469.25,483.0,142.75,451.0,345.0,851.0,647.0,415.0,314.0,171.0,652.5,698.0,200.0,113.0,351.0,302.5,214.0,1846.0,174.84,326.0,584.0,637.0,133.75,427.25,565.0,1169.0,710.36,503.5,337.0,750.5,189.5,755.0,132.5,1000.0,119.3,88.43,885.0,274.75,795.0,88.5,626.5,454.0,1250.0,312.25,186.5,384.05,1087.0,683.0,585.0,400.19,1107.0,495.0,185.0,218.0,371.91,1240.0,129.46,127.62,1700.0,1387.76,410.0,173.5,258.81,613.5,543.0,362.75,626.5,358.25,680.5,449.0,365.0,722.0,772.5,336.0,216.0,504.0,687.23,661.0,509.0,88.0,167.28,208.0,321.17,140.72,263.0,174.25,228.75,23.32,272.5,55.5,371.11,261.96,372.83,338.0
4148.82,862.0,480.0,464.0,1095.0,535.0,2462.0,497.75,481.0,143.5,467.0,373.0,852.5,670.0,422.75,304.5,169.0,654.0,710.0,206.75,111.75,365.75,312.5,249.5,1915.0,177.07,340.75,582.0,632.5,131.0,420.75,560.0,1214.0,740.83,533.0,348.0,798.0,197.25,754.0,133.75,985.0,119.52,90.56,886.0,285.0,822.5,98.5,645.0,471.0,1244.0,316.75,188.0,390.29,1140.0,708.5,580.5,417.97,1119.0,498.25,187.0,238.0,379.17,1355.0,136.26,122.57,1768.0,1365.14,419.0,178.75,267.74,635.75,562.75,366.75,622.0,373.0,668.0,462.0,363.0,727.0,787.0,341.75,219.25,508.0,717.56,671.5,537.0,89.75,164.04,215.5,325.1,140.89,262.5,180.0,228.0,24.54,272.0,54.5,374.59,269.49,361.92,347.25
4100.05,884.0,482.0,477.0,1084.0,532.5,2396.0,500.25,452.0,151.0,453.25,368.25,851.5,655.5,420.5,312.5,169.5,654.0,704.5,194.5,114.25,380.5,320.5,241.0,1954.0,179.31,327.75,576.5,634.0,125.0,442.5,567.0,1164.0,720.18,526.5,354.5,771.5,199.25,777.5,169.0,978.0,122.19,93.4,902.0,267.25,814.0,99.5,634.5,447.0,1225.0,304.5,187.25,376.31,1129.5,696.0,579.75,398.98,1118.0,482.5,188.75,247.25,385.5,1279.0,138.37,118.53,1742.0,1337.3,427.25,186.25,263.77,668.5,580.0,369.0,619.0,353.5,662.5,449.5,375.0,718.0,794.5,346.25,213.75,506.0,712.18,665.0,544.75,91.0,161.9,214.5,323.97,139.33,269.0,183.0,232.0,24.54,276.0,54.5,375.09,282.53,381.75,364.25
4176.66,896.0,492.25,487.0,1125.0,541.0,2473.0,490.25,472.0,155.75,484.75,379.75,832.5,664.5,441.5,310.5,168.0,650.0,724.0,195.75,120.75,388.25,327.5,235.0,1980.0,179.06,341.0,560.0,665.5,128.0,441.25,570.0,1194.0,729.75,522.0,379.0,754.5,202.0,777.0,163.0,1000.0,123.08,92.69,912.5,272.5,820.0,98.5,646.5,440.0,1244.0,307.25,192.5,388.04,1105.5,688.0,579.0,389.13,1164.0,497.5,187.0,238.0,389.02,1297.0,135.32,115.5,1650.0,1426.91,448.75,172.25,279.14,653.0,580.5,401.0,622.0,352.25,664.5,457.0,418.5,710.5,813.5,356.0,220.5,522.0,729.79,667.0,527.0,89.25,162.41,223.5,323.2,140.72,262.75,186.5,231.0,23.81,274.5,33.5,385.02,263.46,377.78,350.0
4272.12,902.5,496.25,508.0,1181.0,541.5,2581.0,516.5,473.0,169.0,492.0,407.0,844.5,663.5,442.5,333.25,179.5,635.0,697.0,190.0,126.75,396.75,342.0,239.0,2132.0,174.84,356.5,575.0,661.0,138.75,425.25,559.0,1254.0,724.21,544.0,418.5,747.0,204.5,820.0,176.5,968.0,141.33,101.2,969.0,277.75,857.0,103.5,664.0,437.5,1236.0,311.5,203.5,392.04,1085.0,711.0,610.0,419.41,1144.0,491.5,193.0,257.0,408.94,1327.0,140.95,120.35,1634.0,1439.96,454.75,177.0,284.59,709.0,639.0,375.0,635.5,366.25,669.0,474.25,410.0,714.0,850.5,354.0,218.0,526.0,744.46,718.5,570.75,101.5,165.52,229.0,331.5,139.29,278.75,212.0,250.75,24.05,272.5,37.5,394.96,258.95,387.2,371.5
4225.89,901.5,507.0,512.5,1201.0,529.0,2402.0,520.0,466.0,169.75,471.75,409.5,889.5,666.0,437.0,330.25,192.25,653.0,673.5,186.75,125.0,393.75,330.0,239.0,2145.0,178.31,367.0,562.0,685.0,139.75,425.25,578.0,1216.0,725.47,536.0,403.25,724.5,209.75,813.0,194.5,1006.0,134.21,104.27,966.0,275.0,862.5,103.0,670.0,431.5,1229.0,313.5,209.0,396.78,1094.5,704.5,628.5,424.94,1130.0,497.0,200.5,267.0,389.95,1407.0,152.91,123.38,1612.0,1410.38,462.25,179.0,285.34,710.0,614.0,385.5,642.5,366.25,653.0,481.25,393.5,725.0,849.5,349.25,215.75,524.5,754.73,740.0,578.75,100.0,169.59,229.5,332.98,139.65,288.0,201.75,257.25,28.67,278.5,41.5,401.91,278.52,394.64,385.75
4204.43,883.5,512.0,513.75,1208.0,519.5,2502.0,514.5,454.75,175.5,463.75,426.0,890.0,667.0,433.25,327.5,194.75,639.0,672.0,182.0,120.75,388.25,340.0,246.75,2072.0,178.56,354.5,549.5,676.0,139.75,430.75,554.5,1236.0,699.03,567.0,416.5,704.0,198.0,817.0,202.75,979.0,130.87,100.72,1013.0,272.0,869.0,103.25,676.5,419.0,1236.0,306.25,208.75,388.29,1085.5,698.5,618.75,440.33,1205.0,493.0,209.75,252.5,390.66,1396.0,166.04,116.31,1568.0,1388.63,479.5,168.75,275.67,717.0,639.0,382.0,644.0,365.0,647.5,486.75,405.0,709.5,849.0,359.0,219.0,519.0,742.02,725.5,575.25,99.5,170.35,228.0,338.14,140.45,276.0,213.0,256.0,32.07,294.5,42.5,414.83,269.49,401.58,382.0
4292.09,896.0,539.0,536.0,1205.5,515.0,2661.0,528.5,468.0,182.25,469.5,437.5,911.0,678.0,449.5,346.0,190.25,631.5,661.5,184.0,127.0,393.0,366.5,259.25,2074.0,184.77,345.5,590.25,668.0,140.0,440.75,559.5,1275.0,725.22,555.0,421.75,722.0,187.0,825.5,203.5,971.0,121.97,100.72,1020.0,269.75,860.0,105.0,684.5,422.75,1221.0,312.75,214.0,379.56,1140.0,675.0,625.0,456.43,1216.0,523.75,219.75,245.5,386.44,1402.0,169.33,100.56,1595.0,1433.87,473.25,184.0,271.7,753.0,667.5,378.25,612.0,366.0,661.0,490.0,417.75,730.5,852.5,349.0,225.5,526.0,732.72,734.0,579.5,106.0,170.6,223.5,343.21,137.94,275.5,206.0,261.0,36.44,296.5,44.0,364.65,288.56,395.14,373.75
4260.92,865.0,549.0,528.0,1183.5,542.0,2630.0,511.75,481.75,182.0,486.0,426.0,892.5,688.5,436.0,337.5,181.25,631.0,636.5,185.25,123.25,388.5,362.5,250.0,2068.0,195.7,340.5,567.0,671.0,146.5,438.25,552.5,1268.0,705.83,567.0,408.0,720.0,186.75,805.0,186.75,983.0,114.85,94.81,994.0,275.0,872.5,100.25,673.0,442.0,1287.0,315.25,216.75,383.55,1140.0,668.5,600.75,446.81,1199.0,507.0,210.75,226.75,378.71,1388.0,167.92,95.11,1596.0,1384.28,464.0,172.75,282.86,724.0,632.5,374.25,604.0,357.0,661.0,471.25,412.5,714.5,845.5,345.0,228.5,541.5,713.16,707.25,544.75,98.75,168.41,217.5,337.85,138.88,270.0,210.75,246.5,33.04,290.5,41.5,361.18,297.59,391.67,344.5
4228.15,853.0,527.0,520.0,1177.0,544.0,2611.0,510.5,481.25,185.25,494.0,416.75,877.5,666.5,422.75,345.0,184.25,642.5,621.5,182.0,120.5,379.0,370.0,257.25,2039.0,187.75,358.5,567.0,654.0,146.0,458.25,563.0,1262.0,711.11,564.75,399.0,708.5,188.0,806.5,179.75,999.0,120.41,94.34,959.0,279.25,855.5,98.25,640.0,427.75,1313.0,311.25,224.5,389.79,1116.0,677.5,616.0,434.8,1208.0,494.75,213.75,236.0,381.28,1382.0,163.93,91.88,1615.0,1345.13,463.5,170.25,288.31,746.25,660.0,372.5,606.5,355.25,661.0,452.5,395.5,712.5,851.5,329.25,240.5,533.5,719.52,716.25,550.0,99.5,167.27,231.0,329.95,139.14,270.75,217.5,260.0,28.42,277.5,39.5,368.63,303.61,394.39,347.75
4142.72,846.5,522.0,477.5,1102.0,534.5,2537.0,482.0,471.0,170.25,468.0,405.75,829.0,654.5,415.0,327.0,168.5,643.0,618.0,185.0,116.75,374.75,354.0,251.25,1944.0,181.54,346.75,549.5,656.0,136.25,464.25,567.5,1275.0,673.85,538.0,388.25,693.5,178.5,806.0,167.5,973.0,120.41,87.96,906.0,265.25,847.5,94.75,644.5,423.0,1300.0,310.75,215.75,390.04,1119.0,671.0,579.75,405.23,1215.0,479.5,212.5,218.75,375.89,1296.0,156.9,84.75,1555.0,1308.58,474.75,166.25,274.43,708.5,616.0,366.0,613.5,356.0,678.0,431.25,397.25,680.0,850.5,325.0,239.5,525.0,693.59,704.0,521.0,90.75,160.34,223.0,321.87,139.68,264.5,205.75,252.5,22.59,279.5,38.0,350.74,285.04,382.74,323.75
4270.1,864.5,530.5,495.5,1178.0,543.0,2699.0,497.0,465.0,180.0,490.75,432.25,859.5,675.0,432.25,330.5,178.5,651.0,638.5,185.25,123.25,385.0,373.0,259.75,2001.0,188.0,358.25,555.75,648.5,142.75,456.25,566.5,1282.0,703.31,559.0,406.0,715.5,196.0,842.0,177.0,985.5,123.3,97.41,960.0,273.25,870.0,97.25,645.0,436.0,1368.0,315.75,229.75,396.03,1176.0,715.0,595.0,421.58,1236.0,485.5,215.5,229.0,386.2,1368.0,160.88,86.25,1620.0,1339.91,477.5,179.0,274.68,740.0,660.0,356.0,615.0,359.5,679.0,449.0,425.75,699.5,890.0,316.0,241.0,523.5,708.27,716.75,533.0,94.25,163.74,235.0,327.32,138.8,273.25,220.0,250.5,22.11,290.5,40.25,349.25,283.04,381.75,335.0
4362.34,895.0,549.0,514.0,1219.0,548.0,2692.0,497.5,483.5,189.25,519.0,475.0,880.5,673.0,441.75,348.25,188.75,645.5,643.5,183.75,124.25,384.5,399.5,260.0,2020.0,184.77,356.5,570.0,661.0,145.75,440.25,559.0,1298.0,727.73,577.25,425.0,749.5,197.75,857.0,188.75,982.0,124.64,106.4,1006.0,280.75,913.5,101.25,658.0,428.0,1386.0,303.75,225.0,388.04,1203.0,742.5,608.5,441.05,1252.0,495.0,218.75,239.25,379.64,1466.0,168.86,95.0,1648.0,1379.06,494.5,188.75,269.47,755.0,668.5,349.0,613.5,354.25,676.5,473.0,447.25,718.0,940.5,318.0,238.75,523.5,725.39,751.0,567.0,95.25,166.0,238.5,338.93,138.88,274.0,219.0,264.75,23.08,287.0,40.75,372.6,282.53,381.01,342.75
4347.55,891.0,549.0,512.5,1193.0,542.0,2775.0,506.0,475.5,180.75,520.25,468.0,906.5,680.0,426.5,347.0,186.0,645.0,637.5,185.25,131.0,399.25,386.5,250.0,1968.0,186.76,358.5,581.25,690.0,144.75,443.5,562.0,1282.0,770.04,589.5,426.0,742.0,196.25,868.0,189.75,979.0,123.08,109.24,1006.0,283.5,921.5,104.75,649.0,419.0,1452.0,298.75,216.75,378.81,1188.0,735.5,617.0,441.29,1278.0,498.0,225.5,243.75,385.74,1437.0,174.96,92.5,1637.0,1360.79,496.0,182.75,274.18,789.75,699.5,357.25,608.0,349.25,686.0,465.0,451.0,710.0,959.0,312.25,239.75,487.0,733.7,754.5,568.5,99.75,165.04,244.0,336.22,138.48,280.0,215.0,268.0,23.81,287.5,41.25,371.61,283.54,374.56,347.0
4251.31,882.0,542.0,455.0,1151.0,542.0,2868.0,487.5,471.25,174.0,495.5,443.0,869.0,671.0,412.5,332.0,192.0,642.5,629.0,185.0,129.75,396.0,367.0,242.0,1952.0,188.25,340.25,567.5,697.0,141.25,426.25,570.0,1275.0,734.78,568.0,406.25,687.0,192.0,844.5,180.75,988.5,122.41,105.93,969.0,274.75,901.5,104.5,639.0,415.5,1456.0,289.75,221.0,377.56,1175.0,719.0,598.5,431.67,1267.0,470.0,220.25,249.0,365.58,1375.0,169.09,88.0,1570.0,1288.57,489.5,176.75,276.66,746.75,665.0,350.25,618.5,345.75,697.0,453.75,456.25,689.0,936.5,316.0,237.25,495.5,730.77,726.5,543.5,93.5,159.98,235.5,329.88,138.23,268.0,201.0,257.0,21.86,267.5,39.25,372.6,267.98,369.85,332.0
4332.57,892.0,538.0,465.5,1217.0,561.5,2768.0,487.0,473.0,186.5,497.0,468.5,819.5,720.5,416.25,335.75,213.0,705.5,663.5,186.0,136.75,375.5,399.5,245.0,2056.0,191.97,343.5,580.25,697.5,134.5,422.25,599.0,1276.0,724.96,604.75,405.75,697.0,196.0,913.5,198.5,984.0,119.3,110.89,990.0,286.5,903.0,106.25,646.0,410.25,1480.0,287.25,224.5,376.56,1180.0,701.0,624.75,454.75,1251.0,462.5,224.0,263.25,405.0,1454.0,178.24,91.25,1546.0,1296.4,505.0,189.0,292.28,765.75,685.0,343.75,618.5,355.75,713.5,441.25,468.75,712.5,969.0,318.5,237.0,506.0,747.89,727.0,577.5,102.5,162.54,242.0,337.36,138.25,253.0,197.5,260.0,23.32,265.0,46.0,377.57,279.77,379.77,353.0
4341.76,902.0,519.0,406.5,1248.0,569.5,2675.0,506.5,480.0,180.0,498.5,463.0,846.5,710.5,419.0,339.0,222.5,708.0,656.5,187.25,129.0,385.0,411.25,234.25,2104.0,192.96,348.0,588.25,710.0,142.0,454.5,603.0,1291.0,721.44,615.0,410.25,704.5,206.0,902.5,199.0,981.0,114.4,105.69,1020.0,280.75,917.0,105.75,638.0,408.75,1468.0,283.75,229.5,385.8,1152.0,694.0,656.0,463.16,1245.0,464.5,230.0,265.5,415.25,1445.0,175.19,89.0,1561.0,1312.06,534.25,187.5,292.53,742.5,659.75,357.25,621.0,363.75,713.0,476.75,478.75,699.5,958.0,324.0,239.25,519.0,748.86,725.0,572.5,99.0,165.94,245.25,340.79,138.13,266.5,201.5,259.0,23.56,273.75,42.5,369.13,266.98,392.66,355.0
4338.88,884.5,514.0,409.5,1245.0,582.5,2779.0,502.5,482.0,173.75,486.25,441.75,814.0,734.5,414.0,329.0,237.0,708.5,674.5,177.5,133.0,372.25,394.5,227.75,2039.0,185.76,347.25,586.0,726.0,134.5,456.25,600.0,1375.0,742.84,624.5,401.75,686.5,205.5,885.0,205.5,1034.0,103.94,107.82,1033.0,279.25,948.0,103.75,643.0,400.0,1417.0,279.25,227.75,385.55,1148.0,691.0,665.0,448.98,1273.0,464.0,221.75,250.0,421.5,1403.0,167.22,86.0,1574.0,1295.53,548.0,180.5,284.34,702.5,622.5,361.25,637.0,361.5,715.0,504.0,455.75,694.0,920.0,326.0,244.5,509.5,734.68,709.0,553.0,95.25,162.76,247.0,342.21,139.12,265.75,191.25,252.25,32.25,263.5,39.5,356.71,262.96,376.79,350.0
4382.35,882.5,510.0,392.0,1225.0,572.5,2700.0,477.0,475.0,176.75,497.5,436.25,823.5,712.5,416.0,332.5,227.0,717.0,690.5,177.25,132.0,375.75,384.0,248.75,2018.0,189.49,350.0,597.5,714.0,131.5,468.5,595.5,1373.0,758.71,637.5,398.25,703.0,206.5,896.0,203.0,1063.5,105.05,111.36,1034.0,277.0,966.0,102.0,661.5,404.5,1452.0,275.75,222.25,403.26,1136.0,695.0,672.25,445.37,1256.0,470.0,222.0,251.0,427.0,1382.0,166.04,88.25,1587.0,1296.4,558.0,182.0,307.4,653.5,587.0,361.75,653.0,364.5,719.0,484.5,455.25,678.5,925.5,322.0,244.75,516.0,707.29,731.5,555.5,96.75,159.86,238.0,340.43,138.85,268.25,212.0,242.0,32.5,258.75,42.0,353.72,265.72,380.02,340.25
4410.03,896.5,501.0,418.0,1273.0,565.0,2662.0,479.0,470.5,173.25,513.25,458.25,822.5,718.0,412.5,346.5,225.25,740.0,673.5,176.25,134.5,376.0,387.5,249.5,2050.0,190.73,348.0,625.25,736.5,139.5,475.0,595.0,1328.0,771.8,627.5,407.75,739.5,215.5,896.5,197.25,1071.0,100.82,116.33,1025.0,281.5,981.0,101.25,664.5,416.0,1429.0,272.5,223.5,392.28,1128.0,692.0,661.75,443.69,1282.0,489.5,220.5,252.5,426.5,1445.0,170.27,86.75,1648.0,1296.4,587.5,186.5,296.0,658.0,589.0,365.75,659.5,361.75,729.5,480.0,456.5,673.0,933.5,320.0,250.0,505.5,706.31,767.0,562.5,101.75,160.75,233.0,346.98,138.7,270.5,218.75,241.75,34.0,261.75,45.5,351.74,301.1,376.3,345.0
4359.84,876.5,511.5,372.0,1218.0,566.5,2640.0,461.0,464.0,166.25,496.0,461.5,791.5,705.0,419.0,350.0,225.0,754.0,664.5,171.75,134.25,381.5,370.25,248.5,2067.0,196.94,363.75,607.0,730.5,137.25,490.0,593.0,1292.0,769.28,639.0,415.0,721.5,217.75,874.0,201.5,1090.0,106.83,121.3,1015.0,293.25,967.5,97.75,664.0,412.25,1466.0,280.0,219.75,384.3,1129.0,680.5,636.0,436.72,1280.0,473.75,202.75,244.75,431.0,1452.0,164.87,83.75,1622.0,1312.93,577.0,180.25,287.82,661.0,583.0,368.0,656.0,359.25,723.0,495.5,468.0,664.0,912.5,315.5,244.25,499.0,706.8,758.0,559.0,100.0,160.78,223.5,348.76,139.96,266.0,217.0,246.0,31.0,259.0,44.5,334.85,289.06,395.38,330.25
4347.99,890.5,497.0,374.0,1168.0,568.0,2566.0,460.5,474.25,168.25,480.25,465.75,826.5,681.0,432.5,346.5,229.25,745.5,673.5,177.0,132.0,382.75,396.0,242.75,2230.0,209.6,366.0,629.75,721.0,131.0,500.0,582.5,1270.0,735.29,651.0,394.5,718.0,220.25,872.5,184.75,1056.0,106.83,118.93,959.0,280.25,985.0,95.75,673.5,416.0,1429.0,276.0,229.5,384.55,1089.0,685.5,630.25,449.22,1246.0,447.5,190.75,235.75,427.0,1457.0,163.7,80.75,1609.0,1348.61,579.0,175.5,289.55,633.0,562.25,361.25,659.5,365.5,761.0,491.75,479.0,660.5,907.0,307.25,244.0,501.5,690.66,750.0,543.0,99.25,161.96,218.0,354.08,140.81,259.0,212.75,243.5,29.75,253.25,54.5,341.3,285.55,392.66,332.25
4423.98,883.0,512.5,403.0,1203.0,574.0,2635.0,481.0,485.5,168.75,492.75,477.0,844.5,688.0,454.25,343.0,238.25,763.5,707.0,186.25,132.5,400.0,397.0,235.5,2263.0,207.12,368.5,638.0,720.0,134.25,522.5,584.0,1250.0,745.36,650.0,400.5,725.0,224.0,882.0,189.75,1104.0,109.28,113.73,960.0,276.5,984.0,96.25,678.0,440.0,1460.0,276.0,224.5,395.28,1088.0,709.5,604.0,450.42,1262.0,452.0,187.5,237.0,424.0,1476.0,160.65,85.75,1628.0,1427.78,563.0,169.5,297.98,626.5,569.5,368.0,665.0,368.0,738.5,538.0,456.0,650.5,916.0,298.0,245.0,509.0,694.57,770.0,547.0,97.75,161.86,218.0,354.04,141.63,257.0,214.0,247.0,29.0,254.0,60.5,364.65,271.74,411.25,319.25
4457.49,882.5,515.5,409.25,1224.0,579.0,2696.0,487.0,494.25,169.75,493.0,487.0,850.0,687.0,453.75,350.25,236.0,769.0,701.5,187.25,133.0,409.5,406.5,240.5,2252.0,209.11,382.0,653.5,732.5,135.75,510.0,596.0,1270.0,770.54,647.0,407.5,722.0,225.5,879.0,195.5,1101.0,109.95,113.49,970.0,280.25,991.0,98.5,683.0,440.75,1460.0,289.75,224.75,396.78,1115.0,711.0,614.5,455.71,1268.0,457.5,188.5,241.5,427.5,1529.0,162.76,86.0,1645.0,1427.78,574.5,173.75,305.91,626.0,572.0,372.25,667.0,371.0,747.0,542.5,456.0,649.0,923.5,307.75,252.0,512.5,699.95,780.5,544.5,98.75,162.09,218.5,354.75,141.75,255.5,216.75,250.75,30.0,249.0,61.5,366.14,278.52,404.8,322.25
4513.25,891.0,521.0,415.0,1242.0,581.0,2654.0,500.75,486.5,170.25,506.0,500.0,855.5,680.0,454.75,351.5,231.0,769.5,716.0,189.75,135.75,409.75,393.0,236.75,2279.0,210.6,377.75,659.5,732.5,137.0,499.5,599.5,1281.0,783.64,650.0,415.0,728.0,227.5,885.5,201.0,1095.0,111.73,116.8,950.0,288.5,998.5,102.25,691.5,458.0,1449.0,284.75,223.0,402.27,1140.0,716.0,628.0,469.17,1258.0,465.25,193.75,245.75,428.0,1574.0,165.11,89.0,1652.0,1443.44,574.0,184.0,303.43,655.0,575.0,371.0,671.0,373.25,748.0,541.5,462.25,661.5,937.0,321.5,253.5,518.5,715.6,789.5,560.5,101.0,161.56,214.25,363.18,141.37,263.0,220.75,253.0,34.25,253.0,55.5,373.6,279.02,416.46,331.75
4449.61,878.5,512.0,435.0,1195.0,593.5,2560.0,492.25,493.0,164.0,508.5,466.0,844.5,666.5,441.25,348.75,275.0,751.0,747.0,181.5,135.0,398.0,377.0,235.75,2248.0,209.6,372.25,704.0,705.0,145.75,527.75,611.5,1212.0,778.6,653.0,408.75,750.5,229.0,869.0,201.0,1121.0,112.18,122.95,952.0,291.0,1020.0,101.5,680.0,460.75,1545.0,277.5,238.0,397.28,1266.0,718.5,630.0,457.63,1249.0,451.0,186.25,270.0,412.0,1482.0,158.3,92.75,1670.0,1279.87,567.5,190.75,291.53,690.0,622.0,371.0,650.5,365.25,721.5,545.0,456.0,619.0,903.5,317.0,258.25,526.5,712.18,741.0,579.0,105.0,159.42,218.25,357.85,143.03,267.75,217.75,255.0,34.25,260.0,53.5,362.67,284.54,430.34,339.75
4518.14,901.0,515.0,454.25,1236.0,572.0,2595.0,531.75,510.0,171.0,530.75,472.25,859.5,707.5,442.5,362.0,298.5,749.0,765.0,186.0,148.75,405.25,552.25,250.5,2483.0,203.15,378.0,719.0,703.0,155.25,546.75,598.5,1229.0,738.81,648.0,411.0,762.0,240.75,874.5,229.75,1084.0,116.63,133.83,966.5,286.0,1013.0,109.5,676.5,473.0,1558.0,271.75,228.5,399.02,1283.0,742.0,652.5,496.57,1280.0,481.25,196.0,321.25,408.25,1498.0,170.73,98.5,1714.0,1262.47,548.0,206.5,289.55,723.0,655.0,374.5,647.5,363.5,714.5,537.5,466.0,651.0,937.0,312.75,248.25,531.25,712.67,780.0,631.5,112.5,167.65,232.5,369.37,142.98,288.0,233.0,268.25,41.5,275.25,54.75,366.39,292.32,441.24,361.5
4445.48,880.0,500.5,422.75,1247.0,576.0,2634.0,515.0,512.5,165.0,508.0,467.5,868.0,710.0,434.5,356.0,285.25,771.5,741.0,180.5,147.5,407.75,630.0,258.0,2449.0,198.92,360.5,686.0,726.5,151.5,541.5,608.0,1222.0,739.82,625.0,398.0,738.0,227.75,860.0,219.5,1085.0,113.73,133.0,940.0,272.25,999.0,102.25,659.5,469.0,1559.0,272.5,224.25,390.04,1294.0,740.0,617.0,467.24,1313.0,468.25,192.25,312.0,409.75,1465.0,168.15,93.25,1663.0,1251.16,538.0,203.5,284.1,673.0,600.0,389.0,645.5,355.25,703.0,511.0,470.5,622.0,896.0,305.0,242.5,534.0,712.18,768.0,616.5,106.0,163.84,225.75,365.95,142.95,272.5,224.75,261.5,42.75,262.0,56.0,361.67,299.6,419.43,348.75
4381.37,861.5,491.5,403.75,1230.0,562.0,2631.0,518.75,522.25,165.75,494.0,447.25,894.0,697.5,426.5,377.75,292.5,776.0,754.5,180.0,145.5,406.75,697.75,257.75,2539.0,203.64,370.75,692.0,720.0,145.0,537.0,610.5,1176.0,727.23,608.0,414.0,724.5,226.5,831.5,212.25,1105.0,111.51,148.0,920.0,277.0,1021.5,99.25,656.0,457.0,1570.0,269.75,220.25,396.28,1272.0,730.0,609.0,460.03,1314.0,473.25,196.0,328.0,432.5,1424.0,175.66,97.25,1606.0,1264.21,540.0,194.25,278.15,659.0,591.0,399.0,643.0,360.0,710.0,541.0,474.75,634.5,876.5,286.75,240.75,526.0,723.43,781.5,603.0,107.25,161.49,220.5,361.41,141.75,281.25,241.5,264.0,41.75,255.0,55.0,363.66,309.13,413.98,356.5
4434.42,872.5,492.0,420.75,1236.0,566.5,2650.0,537.75,532.75,159.0,517.0,463.25,890.5,729.5,426.75,381.0,289.5,791.5,773.0,176.5,148.0,425.5,683.0,260.75,2483.0,209.85,372.75,698.5,718.5,151.5,573.0,621.0,1185.0,740.83,630.0,434.0,733.0,224.5,864.0,217.0,1111.0,115.74,139.0,916.0,289.0,1032.0,102.0,672.5,461.5,1604.0,278.0,218.5,406.51,1321.0,760.0,607.0,480.7,1340.0,477.0,201.25,353.5,434.75,1421.0,169.56,97.5,1641.0,1213.75,545.5,198.75,286.33,664.0,592.5,420.0,650.0,358.75,713.0,539.25,510.25,629.5,917.0,277.0,242.5,531.25,702.4,802.5,605.5,107.5,160.2,225.0,365.27,142.13,274.75,236.5,263.0,40.0,262.75,58.0,380.06,339.24,415.71,352.5
4408.12,891.0,500.0,407.25,1278.0,586.0,2585.0,537.75,526.75,179.5,493.5,481.0,938.0,744.0,418.5,379.0,316.0,799.0,733.0,173.25,148.25,434.0,672.0,271.0,2520.0,214.07,366.5,690.5,714.0,150.25,604.0,637.5,1095.0,742.84,652.5,431.0,722.5,217.75,858.5,227.75,1128.0,121.97,141.0,934.0,292.5,1085.0,99.0,694.0,455.5,1550.0,276.0,233.0,413.5,1346.0,776.0,585.5,484.07,1362.0,459.0,205.75,362.5,444.75,1447.0,206.38,97.0,1622.0,1232.89,562.0,196.75,286.33,694.0,632.5,419.5,662.5,356.25,724.0,562.0,516.25,652.0,920.0,278.25,249.0,556.0,733.21,837.0,611.0,107.75,158.27,226.25,359.99,142.84,274.75,244.0,267.25,43.0,263.5,56.5,389.0,334.22,421.41,354.0
4524.31,881.0,546.0,435.0,1316.0,596.0,2544.0,555.5,528.25,183.5,506.5,496.25,943.5,744.0,424.5,372.0,317.5,800.0,726.5,179.5,146.75,445.25,716.5,280.75,2530.0,216.56,366.0,698.5,732.5,160.0,585.0,642.5,1130.0,762.48,645.5,445.0,755.5,228.25,871.5,236.0,1110.0,120.63,142.0,941.5,307.25,1085.5,104.25,723.0,467.75,1598.0,299.0,250.0,421.23,1387.0,783.0,616.5,490.56,1404.0,515.5,206.25,409.5,454.75,1433.0,203.1,105.0,1714.0,1262.47,568.5,199.25,296.49,720.5,652.5,421.25,673.0,362.75,730.5,557.75,509.0,646.5,955.0,282.25,251.75,568.25,750.33,825.0,630.0,109.75,160.24,244.0,364.89,142.0,279.75,255.0,272.0,42.0,269.5,66.0,397.19,327.7,411.5,358.25
4537.0,869.0,539.5,426.5,1368.0,584.5,2598.0,574.25,527.5,195.5,488.5,514.25,942.5,744.5,440.0,373.0,322.75,841.0,726.0,177.75,142.0,447.5,671.5,282.75,2506.0,218.54,373.0,684.5,754.5,159.75,635.0,668.0,1117.0,754.43,682.5,446.75,734.0,229.0,866.5,237.0,1172.0,123.53,136.75,917.5,301.0,1120.5,101.25,740.0,445.5,1602.0,299.0,251.0,437.2,1415.0,778.0,617.5,480.7,1404.0,494.75,193.25,393.5,451.25,1468.0,212.01,104.25,1730.0,1304.23,580.0,192.5,301.45,690.0,626.0,435.5,705.0,377.25,756.0,551.5,521.0,658.5,938.0,289.5,257.25,566.25,724.9,838.0,588.5,108.5,159.37,252.0,358.98,139.9,285.25,256.75,275.0,46.25,273.0,65.5,395.46,321.18,420.17,351.25
4553.75,889.0,547.0,457.5,1391.0,582.5,2670.0,587.75,546.25,200.75,495.75,509.25,930.5,735.0,446.5,368.25,332.25,814.5,716.5,179.25,134.25,439.5,723.5,303.5,2538.0,224.75,373.25,687.0,727.0,164.25,641.0,681.5,1118.0,758.45,673.5,427.25,762.5,227.25,850.0,238.5,1184.0,123.3,132.75,914.5,308.5,1091.0,103.75,742.0,442.0,1662.0,292.25,249.0,428.47,1416.0,783.0,609.0,491.04,1411.0,486.0,186.25,391.75,446.75,1443.0,218.11,108.5,1763.0,1314.67,576.5,193.5,296.99,735.0,668.5,427.75,681.5,369.5,749.5,567.75,537.5,659.0,955.5,300.5,255.75,559.75,709.73,843.0,578.0,110.0,161.97,248.0,364.26,140.75,291.5,250.5,269.5,45.75,286.0,68.0,394.46,317.66,403.32,355.0
