6930.2,802.5,414.0,720.0,1028.75,342.5,2504.88,997.5,435.0,410.0,445.5,267.14,343.22,1330.0,602.0,622.5,359.0,404.0,351.75,996.5,1060.88,1049.0,374.0,136.5,376.67,174.34,1075.0,498.0,373.56,260.0,1750.0,364.62,428.5,519.0,686.5,198.25,863.0,544.42,425.37,202.36,238.18,690.0,350.0,520.62,689.82,154.49,774.5,296.05,133.0,470.14,594.0,395.0,1789.29,1172.92,580.5,463.5,225.75,849.5,234.35,1495.0,200.76,380.83,1015.78,1790.6,755.5,346.32,921.21,782.95,430.75,494.25,457.46,615.0,618.5,216.15,925.0,961.0,398.0,188.25,455.5,556.37,306.75,620.93,474.75,981.0,225.0,240.07,240.0,528.78,143.97,500.0,345.66,603.0,328.5,210.69,1738.54,156.45,282.5,193.5,1055.0,278.56,124.0
6607.71,744.5,414.5,671.0,1081.25,361.75,2463.91,921.5,436.75,380.25,388.75,234.92,357.08,1372.0,622.5,579.5,378.0,391.5,326.75,1011.5,850.53,1027.5,384.0,131.5,382.5,181.79,1025.0,540.5,347.47,298.25,1761.0,405.16,431.0,509.5,650.5,196.25,775.5,559.79,477.5,217.18,242.74,750.0,336.0,510.39,688.33,146.7,695.5,307.09,137.5,460.66,589.0,375.0,1751.79,1098.89,648.0,490.75,257.25,812.0,274.65,1445.0,215.06,392.13,1013.93,1795.82,670.0,330.21,887.94,738.59,437.75,535.25,489.16,666.0,715.0,218.22,917.0,863.0,403.0,176.5,479.0,584.47,301.75,625.39,458.25,943.5,206.75,231.82,235.0,516.44,139.21,537.0,359.85,606.0,330.0,240.34,1794.17,158.15,294.0,194.5,1057.5,285.17,127.0
6669.46,620.0,422.0,759.5,1071.25,355.5,2455.13,852.0,414.75,349.25,369.5,219.06,326.07,1339.0,541.0,550.5,375.0,382.0,320.0,1238.0,934.67,1150.5,378.0,127.0,389.17,178.56,1168.75,520.5,286.01,290.0,1732.0,430.6,419.0,488.0,598.0,187.25,756.5,496.25,474.16,216.48,245.96,725.0,297.0,410.74,651.55,142.57,669.5,325.93,140.25,445.19,542.0,328.0,1979.47,1050.82,642.0,495.0,269.5,987.5,248.88,1350.0,217.88,356.19,965.83,1743.62,813.5,327.48,872.42,744.51,408.0,525.5,483.8,641.5,746.5,214.33,854.5,892.5,365.0,163.0,462.75,567.61,351.5,543.5,386.5,1129.0,198.0,237.27,211.0,537.44,139.36,480.0,345.66,622.0,319.5,220.18,1495.14,139.68,290.5,182.5,1260.0,270.06,128.0
6379.83,542.5,417.5,697.0,975.0,334.5,2245.41,816.5,389.5,345.25,358.75,210.54,291.53,1304.0,544.5,576.0,353.75,344.25,294.5,1328.5,845.62,1189.5,357.5,118.0,366.67,183.28,1124.5,490.0,254.65,253.0,1576.0,368.65,387.5,418.5,540.0,165.25,717.0,429.81,417.45,206.74,236.85,777.0,285.5,392.93,658.51,137.3,648.0,305.59,136.0,434.71,529.5,325.0,2057.14,1075.82,674.5,496.5,246.75,1007.0,237.16,1255.0,214.36,349.13,949.17,1678.36,749.5,335.41,1002.54,853.19,400.75,518.75,431.61,619.0,846.5,205.24,812.5,817.0,339.0,167.0,408.25,558.1,334.0,500.32,331.75,1077.0,188.0,230.8,195.75,544.72,137.8,439.5,323.87,603.0,286.5,189.74,1613.36,125.84,274.5,187.5,1287.5,266.29,121.5
6268.54,513.5,410.5,676.5,870.5,322.25,2216.15,818.5,386.25,332.0,373.75,210.54,300.93,1328.0,499.0,544.0,353.0,328.0,272.75,1439.5,828.79,1256.5,345.5,116.0,326.67,187.5,1180.75,457.5,306.33,238.5,1586.0,398.87,371.0,448.5,532.0,169.75,723.5,406.97,376.16,203.35,232.87,769.5,260.0,358.83,673.92,134.55,622.5,273.95,127.5,424.23,484.0,313.0,1867.86,1097.93,610.0,498.5,238.5,925.0,204.59,1156.0,196.06,326.51,926.97,1551.33,743.5,337.15,1031.37,850.23,397.0,481.75,419.42,578.5,837.5,189.39,718.0,771.0,266.5,163.25,378.5,515.3,338.5,496.35,345.25,983.5,188.75,222.78,190.0,535.37,137.38,422.5,313.22,589.5,274.5,173.53,1557.73,119.76,262.5,157.0,1347.5,253.54,120.5
6118.64,454.0,383.5,715.0,908.5,296.5,2138.12,784.0,387.0,306.75,354.25,193.01,292.47,1323.0,508.5,498.0,348.0,296.0,282.25,1467.0,730.63,1249.5,334.75,106.5,328.67,184.02,1179.5,465.0,346.72,222.5,1505.0,390.81,325.0,416.5,473.0,169.0,699.5,405.72,331.96,177.81,217.12,765.0,230.0,323.97,667.96,122.4,617.5,256.12,125.5,450.68,450.0,298.25,1945.54,946.03,612.5,495.0,234.75,1007.0,192.16,1171.0,193.72,309.95,917.72,1495.65,861.0,291.29,1021.76,867.98,369.0,435.25,350.66,490.0,779.5,189.65,720.0,740.0,275.0,157.25,346.25,475.53,334.5,456.14,333.75,1091.5,200.0,242.26,180.0,603.83,138.64,400.0,296.5,722.5,232.5,178.67,1495.14,103.49,251.5,145.0,1352.5,248.39,118.0
6068.62,519.5,358.5,690.5,846.75,298.0,2090.32,719.5,392.5,314.75,358.25,172.64,255.12,1335.0,491.0,481.5,325.0,276.75,292.0,1807.0,691.36,1378.0,322.75,94.5,370.0,172.1,1171.75,469.0,337.69,245.75,1501.0,362.1,310.5,386.5,437.5,175.0,690.5,430.64,346.97,179.22,242.17,703.5,243.75,363.0,643.11,127.67,600.5,239.05,120.0,463.65,470.0,282.5,1929.46,857.58,553.0,594.25,237.75,1388.0,183.73,1025.0,181.52,269.16,746.57,1566.99,791.5,312.11,1021.02,876.11,352.0,442.75,403.82,475.0,858.5,166.27,680.0,686.5,224.0,164.75,336.5,466.88,330.25,441.75,308.25,1139.0,226.75,238.12,186.0,628.18,137.5,352.0,287.37,696.0,231.5,176.7,1564.68,102.03,226.5,131.5,1532.5,255.57,111.5
6081.62,507.5,343.5,721.0,828.75,334.75,2075.69,774.5,408.25,312.75,393.25,208.2,284.72,1300.0,478.5,468.5,290.0,281.25,275.5,1596.5,736.94,1275.0,380.0,104.5,382.5,185.02,1126.0,533.0,342.2,267.75,1449.0,348.0,310.0,421.5,577.0,215.25,704.0,411.95,359.06,210.27,224.52,700.0,259.75,359.96,641.12,139.13,580.5,237.29,125.0,468.15,443.5,269.0,1901.79,934.49,567.5,618.25,230.0,1257.0,177.17,1091.0,190.44,282.29,679.96,1592.23,731.5,286.58,914.56,791.82,410.0,522.25,503.79,522.0,965.5,181.85,760.0,755.5,242.0,178.5,386.0,547.29,310.5,488.9,295.25,1030.0,218.0,228.82,178.0,614.43,138.07,385.0,303.59,726.5,247.0,171.16,1467.33,109.8,216.5,130.5,1452.5,264.75,113.0
6099.64,518.0,345.5,712.5,733.75,352.0,2058.13,710.0,369.25,305.5,356.0,187.0,251.6,1258.0,471.0,461.5,287.5,292.0,266.0,1618.0,774.8,1345.5,379.75,104.0,516.67,202.65,1147.0,478.0,334.93,254.0,1497.0,344.48,320.0,391.5,567.0,232.25,720.0,408.63,337.38,214.5,226.98,750.0,260.0,358.83,665.97,138.9,539.5,232.52,117.0,490.11,487.0,268.0,1847.32,877.77,520.0,471.75,206.0,1306.0,172.48,933.0,192.78,273.0,703.09,1466.07,790.0,251.87,970.01,831.75,389.5,537.25,473.56,528.0,1001.0,187.05,778.0,835.0,263.0,168.5,360.75,557.24,342.75,506.27,299.5,1212.0,215.0,230.36,218.0,640.69,140.46,380.0,292.95,725.5,224.0,160.09,1436.03,104.22,229.5,152.5,1582.5,285.57,107.0
6567.81,541.0,328.5,804.5,765.75,351.5,2146.9,802.0,365.5,319.25,378.5,191.51,266.87,1132.0,465.0,493.5,270.0,302.25,274.25,2158.0,903.12,1520.5,379.5,124.0,632.5,251.57,1200.0,446.5,372.56,276.0,1509.0,407.93,329.5,381.5,604.0,275.0,688.5,402.4,366.57,200.11,246.34,750.0,255.0,410.74,708.21,141.19,549.5,235.28,122.5,517.56,517.0,291.75,2233.04,960.45,516.0,435.0,146.0,1620.0,185.84,987.0,182.23,266.74,815.96,1545.24,893.0,253.11,958.18,825.83,409.5,522.0,462.34,577.5,1229.0,201.08,763.5,790.0,246.25,175.75,380.75,540.81,399.0,525.63,300.0,1323.5,229.5,248.57,210.0,694.54,139.71,361.0,331.47,836.0,221.0,158.91,1342.15,102.76,281.5,142.5,1975.0,283.09,109.5
6466.87,524.5,324.5,759.0,662.5,342.0,2509.75,714.5,355.5,282.75,371.25,201.86,214.25,1165.0,471.0,549.0,247.0,301.25,234.75,2050.5,910.13,1447.5,349.75,139.5,605.0,254.8,1211.0,395.5,314.75,251.25,1668.0,393.83,356.0,346.5,598.0,242.5,692.5,365.44,366.99,175.83,255.83,790.0,250.0,375.5,711.19,131.57,546.5,231.51,124.5,556.49,520.0,279.75,2200.89,891.23,466.0,421.5,133.75,1544.5,178.57,900.0,173.55,242.31,713.27,1656.61,883.5,257.32,955.22,832.49,358.5,461.0,443.81,531.0,1427.5,189.13,705.5,794.0,230.75,176.75,338.75,490.66,375.75,453.16,290.25,1185.0,225.5,247.79,196.0,706.94,139.5,341.0,316.77,797.5,246.5,152.19,1070.94,100.57,245.5,89.5,1862.5,260.78,102.0
6624.51,612.0,315.0,820.0,760.5,366.0,2539.99,818.5,435.0,334.75,379.75,207.7,292.94,1184.0,502.75,542.5,302.0,313.25,323.75,1909.0,856.14,1366.0,407.25,132.5,513.0,231.21,1207.0,437.75,284.75,268.5,1786.0,388.29,376.5,421.5,658.0,277.25,733.5,392.85,403.69,169.48,262.28,822.0,242.75,365.65,707.71,143.72,601.0,235.28,133.0,565.47,553.5,297.5,2100.0,931.6,597.5,400.75,132.5,1488.0,208.1,989.5,189.26,273.0,754.44,1738.4,821.5,264.26,964.09,820.66,390.5,502.5,488.92,558.0,1070.0,188.61,837.0,865.0,230.0,192.5,379.0,538.65,380.5,512.23,361.25,1077.0,208.0,261.11,199.0,714.91,139.62,343.5,311.7,790.5,226.5,188.16,1307.38,105.67,267.5,90.5,1595.0,238.72,107.0
6687.17,660.5,373.5,871.0,744.0,415.0,2669.72,824.0,420.25,349.25,417.5,245.6,263.34,1290.0,524.75,512.5,313.5,340.25,300.75,1984.0,884.19,1348.0,415.0,120.0,488.0,254.55,1257.0,449.0,324.5,287.25,1789.0,393.83,408.5,432.0,685.5,284.5,758.5,404.68,399.1,176.68,270.07,750.0,250.0,401.27,767.35,148.76,661.5,267.67,137.0,592.92,495.0,301.0,2076.79,907.09,595.0,435.75,155.5,1441.0,209.04,1022.0,183.4,297.63,783.11,1653.13,818.5,281.62,944.13,800.7,433.0,546.5,515.5,566.0,1063.0,189.13,797.5,900.5,242.0,205.25,386.75,577.55,364.5,570.3,373.5,1036.0,216.5,269.84,215.0,703.57,138.31,378.0,305.62,789.0,206.0,175.51,1251.75,104.7,263.0,94.0,1450.0,257.81,120.0
6462.12,680.0,361.0,860.0,722.25,411.0,2604.37,914.5,396.25,376.25,443.0,237.92,274.38,1219.0,527.5,557.0,310.0,341.5,326.0,1534.0,800.75,1113.0,411.75,128.0,501.0,235.68,1134.0,504.75,268.75,328.0,1895.0,378.22,399.0,433.0,668.5,281.0,700.0,422.33,402.02,173.72,252.23,719.0,264.5,384.4,713.68,160.91,685.0,262.15,128.75,541.01,480.0,315.75,1936.61,940.74,613.25,452.5,167.25,1152.0,212.08,1080.0,187.39,329.94,875.16,1788.86,657.0,297.48,1004.76,846.54,424.5,494.0,490.63,550.0,1072.0,186.27,762.5,893.5,221.25,215.5,400.75,590.52,334.5,588.67,344.0,988.0,198.0,265.19,225.0,649.06,135.3,425.0,298.52,697.0,201.0,171.95,1269.13,97.9,260.0,91.0,1357.5,243.92,121.0
6533.38,663.5,395.0,851.0,739.25,391.5,2727.27,911.5,388.0,357.0,423.0,241.93,273.21,1089.0,550.25,542.5,295.0,338.75,302.5,1717.0,782.51,1118.0,412.25,129.5,508.33,243.63,1101.0,513.75,270.25,302.75,1891.0,392.82,392.5,443.0,652.5,263.0,709.0,471.13,411.61,184.44,264.75,759.0,305.0,412.82,732.56,159.3,671.5,269.18,138.0,544.51,499.0,345.0,2106.25,939.78,604.0,490.5,179.75,1253.0,211.15,1043.5,197.47,309.14,895.98,1687.93,750.0,321.78,956.7,810.31,445.0,545.5,515.74,620.0,1238.0,200.04,765.0,923.0,226.0,205.75,409.75,612.57,338.25,576.26,375.5,1093.0,200.0,270.66,218.0,655.91,135.75,415.0,298.02,772.5,233.5,177.88,1293.47,100.09,255.5,85.5,1475.0,241.94,122.0
5994.57,627.5,385.0,728.5,573.75,390.0,2640.46,899.0,390.25,351.0,403.25,247.61,224.35,1063.0,528.5,527.0,305.0,299.25,330.25,1421.0,807.06,948.0,410.75,120.0,403.0,216.81,936.0,528.25,244.0,314.0,1811.0,371.67,393.5,448.0,586.5,244.75,693.5,457.22,421.2,167.51,234.96,761.0,354.0,394.82,733.56,140.28,628.5,253.61,141.0,485.61,515.0,335.0,1663.39,854.21,635.0,436.75,169.25,985.0,213.72,924.5,206.15,285.12,856.2,1674.88,613.5,323.76,850.98,749.68,468.0,519.0,493.06,704.0,737.0,188.61,764.5,830.5,225.0,209.25,410.75,597.01,285.75,543.99,360.25,832.0,145.0,239.21,208.0,609.68,135.02,414.25,283.32,677.5,213.5,183.81,1138.74,92.8,233.0,80.0,1125.0,241.94,114.0
6241.22,644.0,387.5,826.0,618.75,384.0,2768.24,884.5,404.25,367.25,409.25,256.12,226.46,1109.0,512.75,533.5,320.75,300.25,345.75,1610.0,779.01,1013.0,421.25,122.0,546.67,214.82,1000.0,536.5,273.0,313.0,1958.0,373.44,401.5,474.0,603.0,258.0,715.0,457.63,386.59,164.97,232.11,780.0,337.75,426.08,743.99,144.4,661.5,257.13,143.0,515.56,532.0,354.0,1758.93,903.72,664.25,430.0,174.5,1125.0,213.49,956.5,212.95,275.42,903.38,1677.49,652.0,311.37,996.0,832.0,484.5,534.0,533.54,660.0,776.0,184.97,755.0,828.0,226.5,212.25,404.75,561.99,301.25,566.33,356.5,938.0,161.0,253.21,215.0,600.03,134.88,416.0,285.85,737.5,221.5,194.88,1293.47,88.18,233.0,78.5,1300.0,231.03,113.5
6327.43,636.5,385.0,928.5,675.5,380.0,2622.9,918.5,414.75,394.0,410.5,255.79,224.11,1057.0,497.25,554.5,330.0,332.75,388.25,1575.0,807.06,1063.0,439.0,120.5,549.0,226.49,1000.0,519.5,262.0,317.5,1981.0,390.31,421.5,472.0,599.0,269.5,711.0,456.8,400.35,164.26,237.61,824.5,352.0,398.42,769.84,153.57,628.0,235.78,147.5,526.54,502.5,331.0,1974.11,947.95,656.0,444.5,175.75,1149.0,229.89,995.0,223.04,289.56,921.88,1818.44,711.0,333.18,977.0,830.0,475.75,541.5,501.6,651.5,911.0,192.25,748.5,861.0,226.5,219.0,385.25,531.73,294.5,570.55,352.0,1034.0,175.0,260.09,222.0,594.87,134.44,395.0,293.46,774.0,214.5,351.02,1314.33,83.57,238.5,72.5,1265.0,241.94,116.0
6216.3,595.5,381.5,873.5,746.5,380.0,2648.26,900.5,443.75,395.0,396.5,251.45,242.91,1014.0,500.0,597.0,340.0,318.5,375.25,1635.0,701.18,967.0,433.5,124.5,552.33,228.73,969.0,543.5,278.25,335.0,1949.0,398.87,422.5,505.0,597.0,270.25,702.5,415.27,449.98,159.18,223.38,799.5,348.0,391.41,761.39,146.47,611.5,234.28,145.0,516.56,526.0,326.25,1897.32,876.8,637.5,439.0,156.25,1152.0,232.47,1082.5,210.14,274.41,953.8,1867.17,667.0,330.95,981.0,810.0,493.0,525.5,524.03,670.0,1035.0,191.21,763.0,842.5,227.5,208.5,375.5,544.27,267.25,577.0,349.5,910.0,179.0,261.81,232.0,607.62,133.0,438.0,303.09,767.0,220.5,339.95,1411.69,87.45,239.0,78.0,1215.0,241.94,113.5
6247.7,583.0,382.5,824.5,726.0,405.0,2808.23,919.0,493.25,407.0,387.25,272.32,251.83,966.0,531.25,600.5,350.0,373.25,401.0,1275.0,679.44,934.0,445.5,131.0,538.67,227.73,915.0,583.75,308.75,335.75,1916.0,419.27,417.5,485.0,590.5,246.25,728.5,458.46,489.8,165.95,242.74,787.0,370.0,445.22,820.53,157.7,640.0,243.32,148.5,546.5,550.0,312.0,1831.25,947.95,713.0,447.0,149.75,1074.0,230.6,1086.5,223.04,299.25,997.28,1975.92,639.0,356.24,1005.0,859.0,560.0,541.0,549.88,661.0,979.0,187.57,832.0,879.5,240.0,211.75,432.75,546.86,278.25,581.72,361.0,797.0,160.0,261.25,228.5,607.18,132.57,484.5,326.91,764.0,236.0,338.77,1356.06,94.99,254.0,82.5,1125.0,252.85,118.0
6035.54,578.0,406.0,820.5,728.25,411.0,2752.63,943.5,497.25,412.0,405.5,277.66,238.44,919.0,546.75,614.5,345.0,374.25,416.5,980.0,601.61,951.0,434.0,157.5,444.67,236.43,846.0,557.75,290.75,348.25,2007.0,410.96,427.5,473.5,608.0,235.0,719.5,458.67,496.27,208.15,216.17,828.0,347.0,439.91,825.0,148.53,656.0,221.72,150.0,492.1,562.0,313.0,1606.25,908.53,759.75,440.0,139.0,959.0,229.66,1109.5,236.64,309.35,1007.92,2017.69,561.0,348.8,1074.0,895.0,562.25,538.5,539.15,628.5,946.0,186.27,811.0,890.5,242.75,212.25,468.25,544.7,242.25,566.58,350.0,790.0,159.75,263.14,254.0,571.74,131.96,464.0,319.31,741.5,260.5,311.49,1422.12,93.04,271.0,79.0,1058.0,294.25,117.0
6216.92,599.0,428.5,835.5,724.75,439.0,2728.25,1040.5,487.0,422.25,428.0,265.81,221.53,945.0,578.25,600.5,361.75,348.75,398.0,1208.0,628.96,1030.0,439.5,162.0,437.67,246.11,933.0,570.0,273.5,365.0,1931.0,421.03,420.5,472.0,652.5,234.25,731.0,436.87,498.77,201.66,218.44,775.0,335.0,458.86,817.55,154.72,727.0,262.4,143.0,515.56,627.0,318.5,1720.54,952.28,743.0,432.5,147.5,928.0,226.85,974.5,234.06,321.46,1026.42,1862.82,585.0,346.82,1048.0,884.0,561.75,529.5,535.74,640.0,972.0,187.05,838.5,879.0,255.0,206.25,468.25,565.88,281.25,550.45,325.25,769.0,164.75,258.54,234.0,572.22,132.43,425.25,317.28,776.5,271.0,314.26,1434.29,89.88,260.0,76.5,825.0,314.32,117.5
6546.65,619.0,443.5,888.0,749.75,454.0,2690.2,1000.5,496.5,400.0,432.75,284.34,229.51,975.0,519.0,622.0,353.0,400.0,370.0,1371.0,708.19,1188.0,423.0,159.0,531.67,241.39,1092.0,552.0,337.0,338.25,1780.0,372.68,447.5,501.0,678.5,268.0,769.0,455.14,467.07,226.92,241.22,822.0,310.0,462.27,789.22,158.16,713.0,263.15,142.0,556.49,615.0,332.25,2004.47,979.68,720.0,464.0,153.0,1162.0,230.6,995.0,226.79,327.12,1025.5,1933.29,741.5,296.0,1083.0,901.0,538.0,520.0,544.27,585.0,964.0,197.44,815.0,841.5,261.0,207.5,437.0,556.8,325.0,536.05,338.0,909.0,185.0,270.5,242.0,622.89,133.61,439.0,334.0,800.0,266.5,314.26,1477.76,91.1,271.5,81.0,900.0,318.29,136.5
6430.88,608.0,452.5,911.5,776.25,448.25,2664.84,1010.0,505.25,400.0,435.0,267.81,251.83,944.0,518.5,620.0,335.0,379.0,395.5,1145.0,682.25,1180.0,420.0,158.5,495.0,229.97,1080.0,581.0,317.5,347.25,1768.0,380.74,441.0,477.0,653.0,246.25,771.0,455.97,517.12,222.97,232.49,859.0,345.0,443.7,790.22,157.7,672.5,255.12,146.0,534.53,617.0,338.5,1812.5,927.76,730.0,515.0,151.0,1095.0,231.54,1040.0,231.01,310.96,1005.61,2029.0,622.0,303.43,1082.0,889.0,559.5,533.0,515.5,614.0,1013.0,202.38,840.0,813.5,275.0,206.5,442.5,569.34,317.0,567.32,345.75,871.0,181.5,268.08,244.0,624.44,133.33,454.5,326.4,790.0,264.5,312.68,1578.59,87.45,270.0,85.0,880.0,304.41,135.5
6490.22,594.0,445.5,968.0,768.0,447.5,2797.5,1050.0,494.0,427.0,421.25,277.83,244.31,940.0,495.5,632.0,330.0,372.0,407.75,1305.0,670.33,1210.0,436.0,169.0,548.33,222.52,1120.0,596.0,290.0,329.25,1874.0,385.77,449.5,477.0,608.0,258.0,765.0,437.7,529.21,237.36,245.96,903.0,357.0,442.57,780.28,158.16,642.0,268.43,150.0,551.0,619.5,325.0,1973.21,946.03,775.0,532.0,153.5,1170.0,231.54,998.0,234.53,303.69,963.98,1962.87,614.0,298.72,1115.0,925.0,543.0,565.0,539.4,684.5,1065.0,210.95,870.0,837.0,308.0,207.25,460.0,605.22,311.75,587.18,355.75,963.0,170.0,270.5,247.0,608.48,133.16,463.0,352.25,845.0,263.5,311.49,1550.78,95.23,284.5,71.0,847.5,307.38,141.5
6405.17,564.0,451.0,1015.5,777.5,449.0,2851.15,1008.0,500.0,427.0,401.5,274.49,238.44,948.0,499.0,649.0,322.0,380.0,445.0,1305.0,641.58,1151.0,418.5,181.5,520.0,221.52,1145.0,586.5,263.5,311.25,1845.0,411.96,446.5,474.5,600.0,257.25,743.5,427.73,521.29,235.95,246.91,892.0,342.0,443.32,780.28,153.57,629.0,237.04,153.5,520.55,618.0,345.0,1942.86,913.34,755.0,543.5,151.0,1252.0,239.97,1008.0,235.47,318.63,940.85,1983.76,520.0,295.5,1126.0,929.5,517.0,555.0,536.47,677.0,1040.0,213.81,863.0,832.0,315.25,208.25,418.0,571.5,297.0,576.75,355.0,969.0,179.25,269.41,240.0,589.77,131.69,433.0,364.92,842.0,242.5,302.79,1463.85,94.26,272.5,66.5,725.0,300.44,140.0
6470.43,590.0,451.0,1080.0,817.5,460.0,3023.8,1077.0,519.0,421.25,412.5,280.17,257.0,939.0,517.0,648.0,303.5,379.0,445.75,1310.0,631.06,1165.0,443.0,169.5,548.67,218.05,1175.0,602.0,264.25,360.75,2020.0,434.12,445.0,476.0,595.0,223.0,753.0,418.18,532.97,234.26,249.38,945.0,335.0,477.43,779.28,149.22,618.5,239.8,141.0,522.05,596.0,328.0,1784.82,959.49,751.0,559.0,158.0,1189.0,239.03,1090.0,221.39,345.69,1006.53,1985.5,559.0,312.36,1217.0,950.0,528.0,580.0,555.98,703.0,1156.0,252.52,860.0,824.0,335.0,202.0,402.0,584.47,293.0,582.71,358.0,950.0,190.0,272.1,235.0,590.86,130.47,437.0,361.37,832.0,245.0,300.82,1578.59,93.29,275.0,65.5,707.5,305.4,137.0
6466.24,512.0,468.5,1060.0,825.75,445.0,3065.74,1094.0,530.0,425.0,370.5,286.51,253.71,950.0,522.0,615.0,300.0,389.5,435.0,1223.0,644.38,1248.0,428.0,172.5,525.33,226.49,1155.0,604.5,266.0,376.0,1942.0,455.27,456.5,418.5,565.0,227.0,767.0,403.65,522.96,250.06,239.13,972.0,342.0,473.64,779.28,147.61,584.0,233.02,143.0,534.03,582.0,298.0,1768.75,909.49,770.0,554.0,149.0,1283.0,243.72,1100.0,220.92,341.25,962.13,1975.05,522.0,320.29,1215.0,994.5,538.0,594.0,546.22,701.5,1204.0,245.24,865.0,888.0,307.0,212.25,403.25,587.93,314.25,609.51,346.0,937.0,189.0,275.05,226.0,599.89,130.67,434.0,371.51,812.0,247.5,292.52,1516.0,89.64,276.0,63.5,625.0,315.32,142.0
6525.45,509.0,486.0,1200.0,879.25,445.5,2872.61,1095.0,533.0,422.0,385.5,269.81,261.7,995.0,520.0,580.0,286.0,391.0,400.0,1313.0,653.5,1260.0,420.0,175.5,597.33,228.48,1079.0,610.0,296.0,356.0,1880.0,444.19,454.0,440.0,561.0,233.5,846.0,421.09,517.12,248.65,235.34,960.0,318.0,464.54,775.31,157.24,611.0,237.29,162.25,521.05,635.5,307.25,1791.07,948.91,790.0,538.0,147.5,1388.0,246.06,1131.0,211.78,346.5,1054.0,1886.31,580.0,308.39,1277.0,1075.0,511.0,579.0,537.45,680.0,1243.0,240.05,925.0,934.0,298.5,209.25,400.25,593.12,315.75,597.6,343.0,954.0,187.0,282.92,224.5,610.71,130.54,456.0,398.88,798.5,257.0,320.19,1481.23,88.67,293.5,62.5,417.5,314.32,145.0
6381.31,475.0,504.0,1141.5,826.25,420.25,2838.47,1086.0,525.0,436.5,383.5,272.49,242.44,985.0,510.0,564.5,286.0,372.5,395.0,1307.0,624.05,1281.0,427.0,170.0,609.33,226.49,1082.0,591.5,275.0,345.0,1791.0,430.09,422.5,436.5,546.0,225.0,858.0,394.09,544.64,248.37,228.5,940.0,318.0,416.04,779.28,154.03,606.5,222.98,156.5,547.0,645.0,325.0,1841.96,980.64,757.0,515.0,148.5,1258.0,244.66,1051.0,220.22,340.85,1079.0,1821.92,540.0,292.53,1330.0,1071.5,500.0,560.0,536.96,640.0,1297.0,247.58,930.0,948.0,284.0,216.25,401.0,574.96,302.0,565.83,337.0,950.0,184.25,276.51,216.5,595.34,131.44,482.0,383.67,800.0,260.5,311.89,1484.71,85.51,296.5,61.5,442.5,307.38,142.5
6365.26,460.0,500.0,1190.0,793.75,403.25,2805.3,1049.0,534.5,450.0,377.5,293.69,238.68,990.0,515.0,584.0,268.0,376.5,400.0,1224.0,618.44,1162.0,431.75,164.0,537.67,224.5,1075.0,586.0,292.5,355.0,1922.0,444.7,426.5,400.75,523.0,225.0,903.5,398.25,542.14,259.52,234.9,950.0,321.0,424.38,769.34,157.24,596.0,218.96,156.0,547.0,642.0,348.5,1632.14,875.84,761.0,533.5,149.75,1279.0,242.78,1072.0,219.52,327.12,1052.0,1865.43,559.0,322.03,1287.0,1090.0,476.0,548.0,546.22,628.0,1200.0,257.29,915.0,943.0,280.5,220.0,399.0,574.96,295.0,533.07,343.0,905.5,182.0,273.28,205.0,574.35,131.34,471.5,394.32,785.0,271.0,306.35,1602.93,81.87,282.0,45.5,407.5,301.93,138.0
6387.78,488.0,495.0,1164.5,805.0,404.0,2948.69,1051.0,541.5,428.25,400.25,282.34,233.98,987.0,488.0,607.0,274.5,388.0,425.25,1187.0,596.7,1104.0,427.5,173.5,533.33,224.26,1090.0,604.5,270.0,382.75,1968.0,428.83,422.5,395.5,521.5,230.0,924.5,389.53,573.83,261.21,222.58,945.0,331.75,388.76,775.31,157.7,602.0,217.95,152.0,552.49,652.5,369.75,1776.79,900.84,778.0,530.5,153.25,1237.0,239.03,1100.0,228.9,361.85,1276.0,1928.07,516.0,315.33,1327.0,1109.0,472.0,584.0,530.13,700.0,1328.0,253.0,916.0,903.0,303.0,225.5,441.0,597.44,273.25,519.18,344.25,903.0,174.5,281.11,203.0,560.13,131.15,470.0,379.62,767.0,299.0,310.3,1641.18,81.14,243.5,44.5,400.0,299.45,123.0
6419.93,520.0,508.0,1272.0,905.0,411.0,2877.49,1057.0,564.0,422.0,390.75,283.17,241.5,987.0,512.5,589.0,300.0,382.75,451.0,1177.0,584.78,1129.0,438.5,182.5,563.33,226.49,1074.0,619.0,238.0,405.0,1948.0,449.23,432.5,403.0,532.0,237.5,918.5,382.88,587.18,277.16,228.74,952.0,360.0,403.92,786.74,166.87,584.0,214.94,152.0,547.5,644.5,398.0,1663.0,904.69,775.0,596.0,155.0,1278.0,242.31,1115.0,224.68,371.54,1292.0,1943.73,478.0,329.96,1400.0,1234.5,478.0,605.0,545.25,720.0,1267.0,272.5,970.0,921.0,288.0,226.25,431.0,626.4,276.5,530.1,370.0,907.0,180.0,281.57,210.0,573.96,131.51,478.0,376.58,765.0,288.5,309.51,1630.75,74.34,236.0,40.0,377.5,300.44,124.0
6542.19,550.0,512.5,1290.0,934.0,389.75,2970.15,1108.0,556.0,425.0,439.75,289.85,260.29,974.0,516.0,631.0,304.5,360.0,445.75,1276.0,589.69,1129.0,422.0,192.5,540.5,233.94,1026.0,606.0,233.75,378.75,1985.0,471.89,443.5,403.0,555.5,237.75,968.0,389.53,558.82,287.88,232.04,1035.0,373.25,405.43,820.03,163.2,598.0,212.68,154.0,557.98,639.5,400.0,1775.0,922.95,829.5,587.5,160.25,1307.0,231.54,1163.0,213.89,402.23,1331.0,2037.7,536.0,322.27,1410.0,1252.5,482.0,589.0,534.52,732.0,1296.0,271.75,952.0,995.0,285.0,220.0,443.0,605.22,264.5,513.72,358.0,862.0,182.5,288.2,211.0,585.21,131.08,480.0,376.58,740.5,301.5,319.4,1648.13,70.69,261.5,41.0,380.0,295.48,125.0
6563.71,591.5,512.5,1355.0,972.5,387.75,3082.32,1098.0,561.5,425.0,428.0,285.34,281.9,1015.0,539.5,634.5,321.75,329.0,464.0,1160.0,576.37,1153.0,409.0,212.0,539.5,230.46,1020.0,587.0,238.0,391.75,2020.0,496.57,444.5,413.25,556.0,231.5,969.0,391.19,554.65,278.0,238.63,1070.0,350.5,377.02,815.06,166.64,642.5,209.92,154.5,553.99,625.0,401.5,1746.0,895.07,850.0,584.5,165.75,1265.0,224.5,1205.0,164.17,382.85,1291.0,2044.66,580.5,356.98,1440.0,1258.5,469.0,582.0,524.28,713.0,1335.0,285.75,890.0,1019.5,278.5,220.0,441.75,583.61,268.0,511.73,370.0,880.0,188.0,294.38,200.0,595.14,131.34,473.0,385.19,676.5,277.5,323.35,1627.27,65.59,247.5,36.5,397.5,302.43,124.0
6798.06,571.0,509.5,1468.0,1010.5,370.0,3124.26,1078.0,551.0,393.5,430.5,288.51,257.47,1019.5,510.0,657.0,306.75,334.0,441.0,1213.0,633.16,1282.0,403.0,232.5,583.0,224.5,1144.0,569.5,252.0,374.5,1998.0,486.5,434.5,402.5,535.0,215.0,1013.5,387.03,503.77,266.43,245.79,1026.5,327.75,381.18,809.1,155.86,647.0,214.94,153.5,558.98,630.5,390.0,2076.0,896.99,823.5,612.5,155.0,1448.0,233.88,1151.0,178.24,373.15,1283.0,2109.05,678.0,356.98,1428.0,1210.0,434.0,531.0,491.6,662.5,1321.0,273.25,910.0,1000.0,259.0,217.75,428.75,552.05,285.0,475.99,347.75,1012.0,196.0,300.17,199.0,626.96,131.53,478.0,406.99,785.0,255.5,301.61,1630.75,67.29,249.5,35.0,465.0,305.4,132.0
6581.96,542.0,514.5,1376.0,1018.75,347.75,3106.71,1087.0,520.0,381.5,428.75,288.85,267.81,950.0,511.0,671.0,270.0,311.5,423.5,1157.0,572.16,1176.0,394.5,226.0,571.0,222.02,1100.0,587.0,236.5,370.75,1910.0,470.89,422.5,385.75,532.0,213.0,1033.0,361.29,508.78,259.66,202.53,977.0,321.75,337.61,777.29,158.16,625.0,213.18,151.5,527.04,608.0,392.5,1885.0,896.03,812.0,591.5,150.5,1344.0,226.38,1208.0,170.27,367.5,1330.0,2182.13,607.0,352.02,1351.0,1159.0,417.0,510.0,482.82,662.0,1273.0,281.0,852.0,1011.0,260.0,213.25,415.0,536.05,271.25,450.68,340.75,967.0,182.0,304.02,201.0,609.91,131.34,404.75,405.97,695.0,262.0,299.63,1491.67,63.89,254.0,39.0,417.5,303.91,118.5
6410.15,538.0,531.0,1451.0,932.5,344.0,3192.54,1061.0,528.0,349.0,433.75,282.5,259.82,915.0,499.0,657.0,260.0,301.5,403.0,1067.0,557.44,1010.0,391.5,206.0,579.0,215.07,1023.0,581.0,227.5,381.0,1929.0,454.27,414.5,352.0,519.0,193.0,973.0,340.52,523.79,257.4,202.53,1049.0,338.5,337.42,754.43,153.57,603.0,213.18,153.5,553.99,673.0,390.5,1919.0,874.88,802.0,576.5,150.0,1367.0,229.43,1150.0,158.77,364.67,1381.0,2122.97,519.0,350.04,1342.0,1120.0,410.0,521.5,487.7,653.5,1243.0,279.5,735.0,937.0,246.75,216.5,419.0,536.92,264.5,434.8,315.75,900.0,162.0,299.95,202.5,604.46,131.88,407.75,394.32,667.0,252.0,314.26,1547.3,59.76,240.5,33.5,317.5,300.44,124.0
6257.13,558.5,517.5,1411.0,877.5,355.0,3434.45,1010.0,515.0,347.0,448.5,276.49,235.86,888.0,510.0,595.0,234.5,299.75,403.0,1082.0,525.88,967.0,397.75,193.5,595.0,207.37,980.0,592.0,217.0,399.75,2006.0,443.44,411.0,348.0,545.0,199.5,959.0,306.89,508.78,252.88,189.93,964.0,372.0,358.45,751.45,154.03,601.0,215.44,168.0,552.99,685.0,392.0,1900.0,875.84,786.0,567.0,150.25,1272.0,223.1,1032.0,154.79,377.6,1422.0,1914.15,520.0,364.91,1356.0,1105.0,408.0,540.0,504.77,686.5,1250.0,269.0,685.0,942.0,229.5,239.0,420.5,570.64,242.25,426.86,271.5,840.0,161.75,283.8,191.5,578.82,132.47,360.0,382.66,612.0,243.5,310.3,1380.4,53.44,235.0,32.5,280.0,287.55,120.0
6284.46,572.0,516.5,1500.0,913.75,362.0,3340.81,950.0,552.0,375.0,462.0,284.51,233.04,862.0,510.0,605.0,239.0,282.0,447.0,1030.0,509.41,970.0,399.0,192.0,619.0,219.04,907.0,607.0,213.5,410.0,2022.0,430.6,419.0,384.75,575.5,193.5,960.0,303.15,544.64,277.55,178.61,925.0,378.75,329.84,762.38,152.65,637.0,202.14,169.5,593.92,731.0,400.75,1880.0,879.69,813.5,555.5,150.0,1303.0,215.6,990.0,159.48,362.65,1427.0,1938.51,505.0,369.62,1400.0,1130.0,423.0,556.5,504.28,740.0,1220.0,287.0,715.0,963.5,235.0,244.0,435.0,600.9,251.0,437.53,335.0,800.0,143.0,281.78,186.0,567.4,132.0,373.0,384.18,530.0,257.5,305.56,1296.95,50.53,231.5,29.5,295.0,284.58,120.0
6264.84,571.0,524.5,1448.0,908.75,363.0,3435.42,975.0,583.5,370.0,448.75,289.18,230.92,855.0,510.0,610.5,236.75,291.25,440.0,970.0,516.07,895.0,423.0,181.5,557.0,228.48,941.0,615.0,215.0,399.0,2047.0,442.18,435.5,328.5,547.0,196.0,960.0,299.83,537.97,273.32,183.05,918.0,370.0,321.32,755.43,155.18,664.5,196.36,172.75,596.91,700.0,414.0,1755.0,903.72,881.0,538.5,150.25,1215.0,203.41,1000.0,165.11,357.81,1458.0,1983.76,495.5,355.0,1342.0,1138.0,431.75,560.5,521.84,738.0,1252.0,285.0,685.0,967.0,234.75,249.75,466.0,593.12,243.0,437.28,313.25,740.0,140.0,281.61,186.0,557.6,132.32,373.25,383.17,514.5,242.5,303.98,1338.67,52.96,226.5,27.0,270.0,284.83,119.0
6285.73,563.0,542.5,1368.0,922.5,375.0,3396.41,943.0,560.0,383.0,445.0,291.85,232.1,858.0,527.0,633.0,230.0,277.0,462.0,936.0,505.2,892.0,424.5,188.5,580.0,231.46,918.0,632.0,194.5,411.75,2000.0,444.19,429.5,324.5,522.0,189.0,971.0,313.12,557.15,252.84,174.03,973.0,379.0,280.39,768.35,149.22,642.0,178.78,183.0,581.44,686.0,413.5,1748.0,870.07,942.0,507.5,151.0,1176.0,210.91,956.0,159.95,362.65,1397.0,2070.76,487.5,355.0,1271.0,1081.0,470.0,563.0,521.84,760.0,1326.0,275.0,650.0,934.0,234.75,259.5,468.0,593.12,262.75,418.92,325.0,838.0,140.5,275.14,177.0,533.12,132.82,353.0,383.17,530.0,232.5,302.79,1199.59,50.77,214.0,17.75,238.0,274.66,115.5
6315.9,549.0,574.5,1430.0,906.25,392.5,3155.48,949.0,578.5,382.0,470.25,270.0,239.15,863.0,542.0,616.0,211.75,280.0,468.75,868.0,495.73,861.0,416.75,190.0,575.0,228.48,927.0,633.0,183.0,405.0,1980.0,470.38,417.5,322.0,522.0,186.5,980.0,306.06,588.01,255.07,169.02,975.0,362.0,278.12,741.51,149.22,653.0,174.26,180.0,584.93,670.0,402.0,1805.0,869.11,894.0,557.5,150.0,1272.0,214.66,1003.0,159.24,363.46,1466.0,2046.4,517.5,367.64,1345.0,1084.0,447.0,585.0,506.23,772.0,1395.0,271.0,701.0,970.0,218.0,261.0,452.0,609.54,281.0,466.56,332.5,870.0,156.5,279.48,172.0,525.13,134.09,349.75,390.26,537.0,248.5,126.49,1234.36,49.07,210.0,16.5,185.0,277.64,120.5
6388.4,558.0,582.5,1521.0,907.5,396.0,3130.12,939.0,583.0,386.0,473.5,278.25,229.75,907.0,545.0,584.0,230.0,290.25,496.0,962.0,561.29,964.0,421.0,198.0,547.0,242.63,933.0,644.5,196.5,395.5,2068.0,471.39,408.5,344.0,517.5,183.0,952.0,351.32,557.57,249.73,166.58,1000.0,384.0,296.88,718.65,151.51,678.0,185.06,182.0,605.4,690.0,415.0,1831.0,884.5,905.5,628.0,151.75,1320.0,213.49,1060.0,167.92,384.26,1506.0,1907.19,494.0,381.77,1257.0,1085.0,467.0,576.0,510.13,750.0,1425.0,284.75,740.0,962.0,239.0,269.5,473.0,601.76,286.75,498.83,363.0,885.0,157.0,272.94,182.0,538.36,133.05,380.0,400.4,528.0,246.5,148.23,1234.36,55.15,213.0,18.0,208.0,272.43,121.0
6430.99,638.0,586.0,1734.0,966.25,422.5,3238.39,1013.0,563.0,376.0,493.25,260.0,256.53,970.0,529.0,568.0,237.5,351.0,500.0,1107.0,531.49,884.0,480.0,212.5,526.5,247.85,1050.0,679.5,221.5,407.25,2035.0,508.66,427.5,378.0,614.5,218.0,1040.0,384.13,575.5,245.72,179.61,1099.0,377.5,318.28,755.43,164.12,718.0,185.81,185.0,631.35,745.0,456.0,1860.0,911.42,965.0,653.0,158.0,1350.0,232.24,1127.0,168.86,397.38,1555.0,1882.83,525.0,406.56,1469.0,1240.0,504.75,572.0,529.64,767.5,1480.0,328.75,745.0,1050.0,241.0,264.75,507.75,613.87,243.0,533.32,395.0,910.0,154.5,284.75,184.5,561.66,133.91,363.5,425.74,564.5,255.5,140.33,1481.23,63.16,224.5,18.0,233.0,285.57,122.5
6274.8,634.0,565.5,1488.0,928.25,430.0,3370.0,1025.0,565.5,375.0,483.75,270.0,246.43,964.0,570.0,580.0,240.0,379.0,497.0,1073.0,483.46,810.0,469.5,198.5,413.5,249.84,1000.0,682.5,222.0,418.5,2060.0,522.76,427.0,366.5,592.0,200.5,999.0,383.71,587.18,236.37,178.04,1080.0,383.0,319.42,762.88,159.76,691.5,195.86,185.0,623.86,729.0,420.0,1670.0,974.39,965.0,647.0,165.0,1235.0,217.47,1082.0,179.18,403.04,1475.0,1955.91,446.0,417.47,1502.0,1251.0,492.0,605.0,529.64,774.5,1492.0,301.75,729.5,1005.0,231.75,272.0,556.0,600.9,238.25,530.1,409.0,790.0,147.0,276.17,205.25,527.91,133.98,368.0,433.34,512.5,247.5,141.12,1369.97,56.36,236.5,15.0,218.0,248.88,122.0
6344.98,640.0,567.5,1590.0,938.75,451.5,3330.0,1073.0,566.5,374.0,489.75,277.0,230.22,946.0,580.0,593.5,225.0,383.0,508.0,1080.0,448.05,901.0,496.5,191.5,480.0,243.88,917.0,714.0,224.0,421.0,2031.0,518.73,436.5,334.0,600.0,204.0,1021.0,386.62,588.01,219.01,178.18,1009.0,368.0,316.77,800.15,158.61,703.0,189.58,185.0,636.84,749.0,450.75,1640.0,999.86,925.0,677.5,175.0,1221.0,212.32,1027.0,180.59,423.43,1468.0,1973.32,435.0,416.48,1513.0,1310.0,516.75,610.0,540.37,789.0,1362.0,303.0,740.0,1030.5,242.5,276.5,558.0,613.87,246.75,529.85,398.0,831.0,146.0,276.73,199.0,533.24,134.15,387.5,431.32,518.0,257.5,140.33,1387.35,60.98,228.0,14.0,203.0,259.79,121.5
6374.69,664.0,574.5,1351.0,950.0,470.0,3450.0,1060.0,588.5,369.5,479.0,286.5,220.82,968.5,614.0,596.0,228.0,396.0,520.0,1065.0,462.78,945.0,488.5,194.0,434.0,240.4,890.0,687.0,239.0,440.0,2110.0,559.02,431.0,351.0,627.0,202.25,1004.0,401.98,617.2,227.02,184.91,1096.0,396.0,339.5,818.05,169.85,700.0,190.84,187.5,617.37,785.0,421.75,1683.0,1035.44,910.5,681.0,192.75,1159.0,213.72,1057.0,186.68,436.56,1464.0,1997.68,425.0,383.01,1390.0,1215.0,527.5,659.5,544.27,788.0,1320.0,321.0,801.0,998.0,238.25,266.0,555.0,639.81,256.0,552.68,383.0,805.0,136.0,274.5,198.0,534.44,135.3,388.5,443.48,543.5,262.0,137.56,1307.38,56.36,228.0,14.0,180.0,265.74,160.5
6158.67,675.0,595.5,1150.0,898.0,479.0,3400.0,1047.0,606.0,388.0,493.75,276.5,227.87,1020.0,602.0,541.0,234.0,393.0,488.0,1022.0,438.94,890.0,466.5,195.0,456.0,244.62,818.0,729.0,240.25,441.5,1955.0,527.8,473.5,396.5,627.0,196.0,957.0,425.86,618.87,226.8,189.64,1060.0,374.75,341.02,814.07,165.03,665.0,193.85,184.25,598.91,783.0,419.5,1600.0,1043.13,871.0,644.0,194.75,1109.0,210.91,1090.0,191.37,433.73,1430.0,1903.71,401.0,398.63,1300.0,1181.0,496.0,600.0,475.99,725.0,1110.0,310.5,817.5,928.0,254.0,278.25,567.0,600.03,250.0,547.47,390.0,786.0,126.0,261.73,198.0,525.11,136.32,390.75,430.3,525.0,271.5,135.59,1223.93,67.78,218.0,11.5,101.0,255.82,159.0
6370.35,675.0,577.5,1515.0,975.5,455.0,3260.0,1018.0,609.0,390.0,507.25,255.0,252.77,1035.5,572.0,551.0,234.25,407.0,465.0,1141.0,475.75,1027.0,445.0,211.0,513.5,242.63,900.0,667.0,220.0,420.0,1835.0,530.82,457.5,405.75,615.0,203.0,1044.0,426.9,609.7,216.34,187.92,1037.0,368.75,330.41,820.03,157.93,676.0,190.84,175.0,615.38,808.5,432.0,1685.0,1033.51,878.0,680.0,198.25,1295.0,207.63,1190.0,181.76,435.75,1545.0,1809.74,413.0,395.65,1320.0,1185.0,445.0,617.0,479.9,702.0,1035.0,303.0,788.0,986.0,241.75,262.0,519.25,583.61,274.0,514.21,415.0,941.0,147.0,272.56,195.75,537.24,136.34,385.75,435.37,615.0,265.0,133.61,1251.75,68.99,245.5,10.5,93.0,272.68,158.0
6246.48,686.0,573.5,1446.0,917.5,494.25,3400.0,1040.0,589.0,351.5,523.25,263.75,236.8,1038.0,615.0,541.5,239.0,404.0,510.0,1137.0,438.59,918.0,468.0,214.0,480.0,244.37,834.0,716.5,224.75,415.0,1892.0,520.24,456.5,423.75,643.0,199.5,972.0,433.55,582.17,216.78,196.8,1020.0,375.25,350.11,822.02,162.51,715.0,190.84,180.0,601.9,769.5,418.0,1622.0,1028.71,880.0,683.0,201.0,1230.0,208.1,1148.0,182.93,432.12,1538.0,1785.38,366.75,394.66,1335.0,1236.0,468.0,601.5,482.82,725.0,993.0,304.0,808.5,946.0,243.0,279.5,541.5,576.69,257.0,536.05,421.0,860.0,143.5,258.86,190.0,521.62,136.92,367.0,419.15,638.0,264.5,122.54,1251.75,64.86,255.0,8.25,94.0,257.81,151.5
6097.53,691.0,560.0,1340.0,917.5,498.25,3324.0,1077.0,608.0,364.0,508.25,260.0,242.91,1015.0,639.5,524.0,252.0,394.0,508.0,1111.0,404.58,889.0,470.75,201.5,470.0,245.86,830.0,725.0,226.0,434.0,1848.0,512.69,452.5,470.0,653.0,206.5,975.0,466.77,582.17,220.57,196.23,1050.0,380.0,356.18,848.86,165.26,695.0,189.83,186.0,593.92,773.0,428.0,1595.0,1027.75,916.0,670.0,216.0,1106.0,202.71,1157.0,178.24,454.33,1578.0,1861.95,302.25,395.65,1325.0,1180.0,465.0,611.0,487.7,709.5,1105.0,301.0,792.0,940.0,245.5,276.0,557.0,570.64,232.0,538.04,447.5,850.0,131.5,247.76,198.0,502.56,136.88,358.0,412.06,593.0,255.0,131.63,1206.55,65.83,263.5,7.75,93.5,265.74,153.0
6222.46,680.0,547.5,1374.0,922.5,503.5,3375.0,1082.0,618.0,382.0,518.0,262.0,242.44,1017.0,609.0,540.0,275.0,390.5,509.75,1121.0,401.07,903.0,463.0,205.5,500.0,257.53,850.0,750.0,224.0,425.0,1890.0,529.31,461.5,459.0,663.5,209.0,985.0,458.46,580.92,223.46,208.69,1055.0,389.0,377.2,837.43,169.16,708.0,186.82,182.0,607.39,805.0,432.0,1590.0,1035.44,922.0,700.0,231.0,1133.0,210.91,1178.0,185.98,462.81,1582.0,1910.67,306.75,393.67,1321.0,1160.0,470.0,620.0,515.99,744.0,1055.0,310.0,808.0,964.5,249.0,272.75,573.0,574.96,245.5,545.98,460.0,872.0,138.0,255.77,193.0,518.67,138.32,370.0,416.11,611.0,250.0,136.38,1216.98,68.51,270.5,7.5,95.0,265.74,152.5
